id,area,population,unemployee,crime
01101,北海道 札幌市 中央区,202801,6542,6118
01102,北海道 札幌市 北区,272877,9277,4615
01103,北海道 札幌市 東区,253996,9448,4114
01104,北海道 札幌市 白石区,201307,8606,4132
01105,北海道 札幌市 豊平区,209428,7464,3231
01106,北海道 札幌市 南区,153021,4755,1789
01107,北海道 札幌市 西区,207329,6642,2689
01108,北海道 札幌市 厚別区,129720,4572,2087
01109,北海道 札幌市 手稲区,137601,4801,1838
01110,北海道 札幌市 清田区,112783,4151,1316
01202,北海道 函館市,294264,12490,4331
01203,北海道 小樽市,142161,5131,1258
01204,北海道 旭川市,355004,12922,4930
01205,北海道 室蘭市,98372,3388,847
01206,北海道 釧路市,190478,7735,2027
01207,北海道 帯広市,170580,4603,2072
01208,北海道 北見市,129365,3881,1277
01209,北海道 夕張市,13001,425,86
01210,北海道 岩見沢市,93677,2909,1030
01211,北海道 網走市,42045,1152,353
01212,北海道 留萌市,26826,734,254
01213,北海道 苫小牧市,172758,5143,3058
01214,北海道 稚内市,41592,1276,393
01215,北海道 美唄市,29083,918,280
01216,北海道 芦別市,18899,605,126
01217,北海道 江別市,125601,3948,1641
01218,北海道 赤平市,14401,620,76
01219,北海道 紋別市,26632,771,270
01220,北海道 士別市,23411,543,163
01221,北海道 名寄市,31628,795,239
01222,北海道 三笠市,11927,483,89
01223,北海道 根室市,31202,767,241
01224,北海道 千歳市,91437,2648,1569
01225,北海道 滝川市,45562,1367,500
01226,北海道 砂川市,20068,619,241
01227,北海道 歌志内市,5221,202,31
01228,北海道 深川市,25838,548,217
01229,北海道 富良野市,25076,491,218
01230,北海道 登別市,53135,2120,576
01231,北海道 恵庭市,67614,2233,1185
01233,北海道 伊達市,37066,1025,421
01234,北海道 北広島市,60677,1848,796
01235,北海道 石狩市,60104,2065,823
01236,北海道 北斗市,48056,1735,720
01303,北海道 当別町,19982,599,248
01304,北海道 新篠津村,3737,39,40
01331,北海道 松前町,10121,424,39
01332,北海道 福島町,5897,331,23
01333,北海道 知内町,5447,193,20
01334,北海道 木古内町,6024,255,39
01337,北海道 七飯町,28424,946,234
01343,北海道 鹿部町,4919,174,46
01345,北海道 森町,19149,742,151
01346,北海道 八雲町,20131,503,162
01347,北海道 長万部町,7003,191,56
01361,北海道 江差町,10131,349,54
01362,北海道 上ノ国町,6417,278,21
01363,北海道 厚沢部町,4775,149,31
01364,北海道 乙部町,4816,274,23
01367,北海道 奥尻町,3643,64,8
01370,北海道 今金町,6466,128,27
01371,北海道 せたな町,10748,256,64
01391,北海道 島牧村,1996,39,15
01392,北海道 寿都町,3744,62,26
01393,北海道 黒松内町,3457,56,24
01394,北海道 蘭越町,5802,116,34
01395,北海道 ニセコ町,4669,162,31
01396,北海道 真狩村,2354,37,10
01397,北海道 留寿都村,2165,35,39
01398,北海道 喜茂別町,2707,55,30
01399,北海道 京極町,3583,66,26
01400,北海道 倶知安町,16176,492,169
01401,北海道 共和町,7112,108,72
01402,北海道 岩内町,15744,530,177
01403,北海道 泊村,2185,47,16
01404,北海道 神恵内村,1319,43,13
01405,北海道 積丹町,2860,75,32
01406,北海道 古平町,4021,100,12
01407,北海道 仁木町,3967,47,37
01408,北海道 余市町,22734,768,226
01409,北海道 赤井川村,1310,27,17
01423,北海道 南幌町,9564,237,97
01424,北海道 奈井江町,6836,228,53
01425,北海道 上砂川町,4770,316,32
01427,北海道 由仁町,6477,123,74
01428,北海道 長沼町,12401,249,168
01429,北海道 栗山町,14352,352,150
01430,北海道 月形町,4785,83,27
01431,北海道 浦臼町,2417,43,9
01432,北海道 新十津川町,7684,140,37
01433,北海道 妹背牛町,3943,93,17
01434,北海道 秩父別町,3003,58,13
01436,北海道 雨竜町,3316,48,12
01437,北海道 北竜町,2376,42,18
01438,北海道 沼田町,4041,79,26
01452,北海道 鷹栖町,7261,146,49
01453,北海道 東神楽町,9194,134,87
01454,北海道 当麻町,7473,185,66
01455,北海道 比布町,4340,105,32
01456,北海道 愛別町,3739,84,13
01457,北海道 上川町,5176,103,57
01458,北海道 東川町,7701,189,67
01459,北海道 美瑛町,11628,306,84
01460,北海道 上富良野町,12352,230,63
01461,北海道 中富良野町,5707,97,23
01462,北海道 南富良野町,2947,70,13
01463,北海道 占冠村,1819,30,22
01464,北海道 和寒町,4238,54,18
01465,北海道 剣淵町,3952,53,29
01468,北海道 下川町,4146,121,17
01469,北海道 美深町,5512,108,24
01470,北海道 音威子府村,1070,24,6
01471,北海道 中川町,2106,36,9
01472,北海道 幌加内町,1952,38,17
01481,北海道 増毛町,5708,159,43
01482,北海道 小平町,4272,89,22
01483,北海道 苫前町,4202,143,29
01484,北海道 羽幌町,8740,252,40
01485,北海道 初山別村,1511,13,20
01486,北海道 遠別町,3421,59,17
01487,北海道 天塩町,4030,82,33
01511,北海道 猿払村,2940,28,5
01512,北海道 浜頓別町,4582,89,20
01513,北海道 中頓別町,2289,42,11
01514,北海道 枝幸町,9815,119,42
01516,北海道 豊富町,4850,113,37
01517,北海道 礼文町,3410,40,3
01518,北海道 利尻町,2951,80,4
01519,北海道 利尻富士町,3239,31,7
01520,北海道 幌延町,2784,36,28
01543,北海道 美幌町,22819,588,188
01544,北海道 津別町,6222,106,55
01545,北海道 斜里町,13431,247,108
01546,北海道 清里町,5025,103,43
01547,北海道 小清水町,5753,99,58
01549,北海道 訓子府町,5981,102,39
01550,北海道 置戸町,3699,78,17
01552,北海道 佐呂間町,6393,76,37
01555,北海道 遠軽町,23648,544,181
01559,北海道 湧別町,10758,166,59
01560,北海道 滝上町,3366,38,12
01561,北海道 興部町,4589,70,25
01562,北海道 西興部村,1224,17,5
01563,北海道 雄武町,5507,87,20
01564,北海道 大空町,8392,122,44
01571,北海道 豊浦町,4771,123,33
01575,北海道 壮瞥町,3473,64,49
01578,北海道 白老町,20748,743,242
01581,北海道 厚真町,5240,74,64
01584,北海道 洞爺湖町,11343,291,102
01585,北海道 安平町,9131,205,60
01586,北海道 むかわ町,10602,199,109
01601,北海道 日高町,14730,300,121
01602,北海道 平取町,6173,124,58
01604,北海道 新冠町,6034,175,46
01607,北海道 浦河町,15698,323,95
01608,北海道 様似町,5711,159,25
01609,北海道 えりも町,5796,113,24
01610,北海道 新ひだか町,27265,919,313
01631,北海道 音更町,42452,1092,313
01632,北海道 士幌町,6755,105,25
01633,北海道 上士幌町,5229,59,45
01634,北海道 鹿追町,5876,65,20
01635,北海道 新得町,7243,130,49
01636,北海道 清水町,10464,219,70
01637,北海道 芽室町,18300,355,179
01638,北海道 中札内村,3983,67,19
01639,北海道 更別村,3326,24,11
01641,北海道 大樹町,6407,91,29
01642,北海道 広尾町,8325,202,53
01643,北海道 幕別町,26868,556,170
01644,北海道 池田町,8193,171,60
01645,北海道 豊頃町,3732,53,25
01646,北海道 本別町,9072,196,43
01647,北海道 足寄町,8317,182,57
01648,北海道 陸別町,2956,52,14
01649,北海道 浦幌町,6068,126,46
01661,北海道 釧路町,21855,798,372
01662,北海道 厚岸町,11525,183,78
01663,北海道 浜中町,7005,97,24
01664,北海道 標茶町,8936,174,99
01665,北海道 弟子屈町,9023,204,58
01667,北海道 鶴居村,2672,57,25
01668,北海道 白糠町,10397,325,87
01691,北海道 別海町,16460,193,89
01692,北海道 中標津町,23792,548,267
01693,北海道 標津町,6063,119,48
01694,北海道 羅臼町,6540,88,21
02201,青森県 青森市,311508,14561,3821
02202,青森県 弘前市,189043,6455,2641
02203,青森県 八戸市,244700,11418,2741
02204,青森県 黒石市,38455,1667,346
02205,青森県 五所川原市,62181,3113,651
02206,青森県 十和田市,68359,2416,718
02207,青森県 三沢市,42425,1532,557
02208,青森県 むつ市,64052,3009,506
02209,青森県 つがる市,40091,2248,264
02210,青森県 平川市,35336,1564,244
02301,青森県 平内町,13483,541,62
02303,青森県 今別町,3816,267,9
02304,青森県 蓬田村,3405,179,11
02307,青森県 外ヶ浜町,8215,412,21
02321,青森県 鰺ヶ沢町,12662,604,70
02323,青森県 深浦町,10910,354,68
02343,青森県 西目屋村,1597,45,21
02361,青森県 藤崎町,16495,639,137
02362,青森県 大鰐町,11921,522,85
02367,青森県 田舎館村,8541,366,66
02381,青森県 板柳町,16222,839,73
02384,青森県 鶴田町,15218,864,62
02387,青森県 中泊町,14184,1057,31
02401,青森県 野辺地町,15218,605,131
02402,青森県 七戸町,18471,777,99
02405,青森県 六戸町,10430,346,81
02406,青森県 横浜町,5097,184,21
02408,青森県 東北町,20016,772,110
02411,青森県 六ヶ所村,11401,385,59
02412,青森県 おいらせ町,24172,961,344
02423,青森県 大間町,6212,336,41
02424,青森県 東通村,8042,454,34
02425,青森県 風間浦村,2603,127,13
02426,青森県 佐井村,2843,189,18
02441,青森県 三戸町,12261,482,85
02442,青森県 五戸町,20138,749,116
02443,青森県 田子町,6883,198,31
02445,青森県 南部町,21552,706,144
02446,青森県 階上町,15356,704,140
02450,青森県 新郷村,3143,74,17
03201,岩手県 盛岡市,300746,10230,3830
03202,岩手県 宮古市,63588,2638,371
03203,岩手県 大船渡市,43331,1385,214
03205,岩手県 花巻市,105028,3238,841
03206,岩手県 北上市,94321,2783,972
03207,岩手県 久慈市,39141,1778,243
03208,岩手県 遠野市,31402,978,113
03209,岩手県 一関市,135722,3935,966
03210,岩手県 陸前高田市,24709,797,130
03211,岩手県 釜石市,42987,1503,241
03213,岩手県 二戸市,31477,1130,221
03214,岩手県 八幡平市,31079,971,173
03215,岩手県 奥州市,130171,3584,1139
03216,岩手県 滝沢市,53560,1811,342
03301,岩手県 雫石町,19055,510,106
03302,岩手県 葛巻町,8021,257,16
03303,岩手県 岩手町,16254,473,66
03321,岩手県 紫波町,33692,980,375
03322,岩手県 矢巾町,27085,896,322
03366,岩手県 西和賀町,7375,130,21
03381,岩手県 金ケ崎町,16396,415,121
03402,岩手県 平泉町,8819,242,61
03441,岩手県 住田町,6848,250,22
03461,岩手県 大槌町,16516,712,82
03482,岩手県 山田町,20142,907,90
03483,岩手県 岩泉町,11914,384,28
03484,岩手県 田野畑村,4241,232,11
03485,岩手県 普代村,3358,174,7
03501,岩手県 軽米町,10997,346,35
03503,岩手県 野田村,5019,222,15
03506,岩手県 九戸村,6974,183,15
03507,岩手県 洋野町,19524,1044,48
03524,岩手県 一戸町,15549,544,45
04101,宮城県 仙台市 青葉区,281218,8928,6037
04102,宮城県 仙台市 宮城野区,182678,6621,3680
04103,宮城県 仙台市 若林区,129942,4854,2063
04104,宮城県 仙台市 太白区,222447,8325,3034
04105,宮城県 仙台市 泉区,208813,6910,2822
04202,宮城県 石巻市,167324,6314,2341
04203,宮城県 塩竈市,59357,2461,705
04205,宮城県 気仙沼市,78011,3317,731
04206,宮城県 白石市,39492,1264,420
04207,宮城県 名取市,68662,2326,876
04208,宮城県 角田市,33199,904,304
04209,宮城県 多賀城市,62745,2384,1106
04211,宮城県 岩沼市,43921,1538,525
04212,宮城県 登米市,89316,2943,984
04213,宮城県 栗原市,80248,2274,742
04214,宮城県 東松島市,43235,1631,562
04215,宮城県 大崎市,138491,4454,1931
04216,宮城県 富谷市,41593,1162,535
04301,宮城県 蔵王町,13318,413,122
04302,宮城県 七ヶ宿町,1871,34,9
04321,宮城県 大河原町,23335,833,362
04322,宮城県 村田町,12740,414,112
04323,宮城県 柴田町,39809,1661,408
04324,宮城県 川崎町,10583,379,122
04341,宮城県 丸森町,16792,401,94
04361,宮城県 亘理町,35132,1331,383
04362,宮城県 山元町,17713,604,117
04401,宮城県 松島町,16193,655,165
04404,宮城県 七ヶ浜町,21068,688,189
04406,宮城県 利府町,32257,929,405
04421,宮城県 大和町,24509,968,226
04422,宮城県 大郷町,9424,292,63
04424,宮城県 大衡村,5607,123,67
04444,宮城県 色麻町,7856,155,62
04445,宮城県 加美町,27212,746,284
04501,宮城県 涌谷町,18410,705,179
04505,宮城県 美里町,26329,893,320
04581,宮城県 女川町,10723,257,50
04606,宮城県 南三陸町,18645,627,132
05201,秋田県 秋田市,333109,10897,3658
05202,秋田県 能代市,62858,2133,529
05203,秋田県 横手市,103652,2710,659
05204,秋田県 大館市,82504,2744,588
05206,秋田県 男鹿市,35637,1551,257
05207,秋田県 湯沢市,55290,1483,268
05209,秋田県 鹿角市,36753,1229,184
05210,秋田県 由利本荘市,89555,2595,771
05211,秋田県 潟上市,35814,1503,210
05212,秋田県 大仙市,93352,2612,489
05213,秋田県 北秋田市,40049,1183,137
05214,秋田県 にかほ市,28972,816,124
05215,秋田県 仙北市,31868,1057,191
05303,秋田県 小坂町,6824,195,25
05327,秋田県 上小阿仁村,3107,90,4
05346,秋田県 藤里町,4348,148,18
05348,秋田県 三種町,20438,684,71
05349,秋田県 八峰町,9012,261,47
05361,秋田県 五城目町,11678,371,56
05363,秋田県 八郎潟町,7093,298,44
05366,秋田県 井川町,5847,184,83
05368,秋田県 大潟村,3256,33,19
05434,秋田県 美郷町,23038,502,91
05463,秋田県 羽後町,18267,573,61
05464,秋田県 東成瀬村,3180,75,10
06201,山形県 山形市,256012,6868,2951
06202,山形県 米沢市,93178,2285,1029
06203,山形県 鶴岡市,142384,3622,889
06204,山形県 酒田市,117577,3294,1029
06205,山形県 新庄市,40717,1204,381
06206,山形県 寒河江市,43625,908,348
06207,山形県 上山市,36013,915,306
06208,山形県 村山市,28192,571,144
06209,山形県 長井市,30929,639,185
06210,山形県 天童市,63864,1984,764
06211,山形県 東根市,45834,1195,465
06212,山形県 尾花沢市,20695,374,124
06213,山形県 南陽市,35190,860,388
06301,山形県 山辺町,15415,384,62
06302,山形県 中山町,12523,340,61
06321,山形県 河北町,20738,504,90
06322,山形県 西川町,6917,143,16
06323,山形県 朝日町,8593,159,37
06324,山形県 大江町,9915,210,50
06341,山形県 大石田町,8824,217,42
06361,山形県 金山町,6949,215,24
06362,山形県 最上町,10761,216,64
06363,山形県 舟形町,6671,186,35
06364,山形県 真室川町,10054,362,44
06365,山形県 大蔵村,4226,79,19
06366,山形県 鮭川村,5447,110,22
06367,山形県 戸沢村,5915,154,16
06381,山形県 高畠町,26026,610,176
06382,山形県 川西町,18769,334,75
06401,山形県 小国町,9742,167,39
06402,山形県 白鷹町,16331,312,52
06403,山形県 飯豊町,8623,150,36
06426,山形県 三川町,8003,250,114
06428,山形県 庄内町,24677,655,174
06461,山形県 遊佐町,16852,443,71
07201,福島県 福島市,297357,8890,4169
07202,福島県 会津若松市,131389,4050,1950
07203,福島県 郡山市,338834,10411,5606
07204,福島県 いわき市,354492,13291,4586
07205,福島県 白河市,65707,1946,745
07207,福島県 須賀川市,80364,2619,866
07208,福島県 喜多方市,56396,1554,428
07209,福島県 相馬市,38630,1325,475
07210,福島県 二本松市,63178,1747,448
07211,福島県 田村市,43253,1336,241
07212,福島県 南相馬市,72837,2498,723
07213,福島県 伊達市,69289,2066,505
07214,福島県 本宮市,31367,855,279
07301,福島県 桑折町,13411,430,112
07303,福島県 国見町,10692,367,65
07308,福島県 川俣町,17034,536,102
07322,福島県 大玉村,8464,209,61
07342,福島県 鏡石町,12746,379,144
07344,福島県 天栄村,6486,166,50
07362,福島県 下郷町,7053,179,30
07364,福島県 檜枝岐村,706,4,3
07367,福島県 只見町,5284,84,23
07368,福島県 南会津町,19870,442,163
07402,福島県 北塩原村,3475,99,35
07405,福島県 西会津町,8237,178,42
07407,福島県 磐梯町,3951,103,28
07408,福島県 猪苗代町,17009,413,186
07421,福島県 会津坂下町,18274,549,122
07422,福島県 湯川村,3570,79,20
07423,福島県 柳津町,4260,114,22
07444,福島県 三島町,2250,45,6
07445,福島県 金山町,2834,57,6
07446,福島県 昭和村,1632,24,7
07447,福島県 会津美里町,24741,814,131
07461,福島県 西郷村,19494,474,241
07464,福島県 泉崎村,6761,196,82
07465,福島県 中島村,5174,193,30
07466,福島県 矢吹町,18735,618,172
07481,福島県 棚倉町,15795,385,127
07482,福島県 矢祭町,6740,140,48
07483,福島県 塙町,10619,218,71
07484,福島県 鮫川村,4322,105,19
07501,福島県 石川町,18921,622,128
07502,福島県 玉川村,7602,213,64
07503,福島県 平田村,7538,147,14
07504,福島県 浅川町,7272,195,35
07505,福島県 古殿町,6511,141,18
07521,福島県 三春町,19194,577,108
07522,福島県 小野町,12105,281,67
07541,福島県 広野町,5533,165,25
07542,福島県 楢葉町,8188,258,55
07543,福島県 富岡町,15910,454,118
07544,福島県 川内村,3125,83,14
07545,福島県 大熊町,10992,267,99
07546,福島県 双葉町,7170,192,39
07547,福島県 浪江町,21615,739,167
07548,福島県 葛尾村,1625,21,8
07561,福島県 新地町,8584,286,51
07564,福島県 飯舘村,6722,161,46
08201,茨城県 水戸市,262603,7833,5364
08202,茨城県 日立市,199218,6906,2743
08203,茨城県 土浦市,144060,4143,3804
08204,茨城県 古河市,145265,4830,2601
08205,茨城県 石岡市,81887,2614,1579
08207,茨城県 結城市,52460,1724,865
08208,茨城県 龍ケ崎市,78950,2325,1653
08210,茨城県 下妻市,46435,1211,818
08211,茨城県 常総市,66536,1898,1206
08212,茨城県 常陸太田市,59802,1690,624
08214,茨城県 高萩市,32932,1177,430
08215,茨城県 北茨城市,49645,1864,523
08216,茨城県 笠間市,81497,2609,1352
08217,茨城県 取手市,111327,3694,2354
08219,茨城県 牛久市,77223,2255,1538
08220,茨城県 つくば市,200528,3805,4334
08221,茨城県 ひたちなか市,153639,4664,2216
08222,茨城県 鹿嶋市,64435,2349,1070
08223,茨城県 潮来市,31524,1235,546
08224,茨城県 守谷市,53700,1448,1279
08225,茨城県 常陸大宮市,47808,1256,508
08226,茨城県 那珂市,54705,1526,841
08227,茨城県 筑西市,112581,3436,1717
08228,茨城県 坂東市,57516,1696,761
08229,茨城県 稲敷市,49689,1764,924
08230,茨城県 かすみがうら市,44603,1427,800
08231,茨城県 桜川市,48400,1459,729
08232,茨城県 神栖市,91867,3730,2253
08233,茨城県 行方市,40035,1034,422
08234,茨城県 鉾田市,51054,1694,794
08235,茨城県 つくばみらい市,40174,1137,645
08236,茨城県 小美玉市,53265,1825,932
08302,茨城県 茨城町,35008,1107,498
08309,茨城県 大洗町,19205,709,374
08310,茨城県 城里町,22993,683,209
08341,茨城県 東海村,35450,967,600
08364,茨城県 大子町,22103,472,137
08442,茨城県 美浦村,18118,534,189
08443,茨城県 阿見町,47994,1691,662
08447,茨城県 河内町,10959,336,168
08521,茨城県 八千代町,23609,592,253
08542,茨城県 五霞町,9873,345,116
08546,茨城県 境町,26468,721,446
08564,茨城県 利根町,18024,590,190
09201,栃木県 宇都宮市,502396,14415,10194
09202,栃木県 足利市,159756,4794,2510
09203,栃木県 栃木市,168763,5273,2496
09204,栃木県 佐野市,123926,3696,2034
09205,栃木県 鹿沼市,104148,3078,1357
09206,栃木県 日光市,94291,2831,1036
09208,栃木県 小山市,160150,4847,3979
09209,栃木県 真岡市,83002,2564,1337
09210,栃木県 大田原市,79023,1977,1077
09211,栃木県 矢板市,35685,1058,536
09213,栃木県 那須塩原市,115032,3313,1919
09214,栃木県 さくら市,41383,1160,637
09215,栃木県 那須烏山市,31152,908,298
09216,栃木県 下野市,59132,1484,760
09301,栃木県 上三川町,31592,750,460
09342,栃木県 益子町,25080,604,216
09343,栃木県 茂木町,16403,389,123
09344,栃木県 市貝町,12401,282,112
09345,栃木県 芳賀町,16367,401,179
09361,栃木県 壬生町,40107,1155,564
09364,栃木県 野木町,25907,803,384
09384,栃木県 塩谷町,13462,381,97
09386,栃木県 高根沢町,30915,706,447
09407,栃木県 那須町,26693,690,392
09411,栃木県 那珂川町,19865,455,181
10201,群馬県 前橋市,340904,9702,6374
10202,群馬県 高崎市,364919,10975,6581
10203,群馬県 桐生市,128037,4240,1607
10204,群馬県 伊勢崎市,202447,6632,4841
10205,群馬県 太田市,213299,6524,4860
10206,群馬県 沼田市,53177,1439,560
10207,群馬県 館林市,79454,2557,1720
10208,群馬県 渋川市,87469,2865,1275
10209,群馬県 藤岡市,69288,2294,1196
10210,群馬県 富岡市,53765,1425,593
10211,群馬県 安中市,63179,1743,697
10212,群馬県 みどり市,52115,1728,804
10344,群馬県 榛東村,14158,415,133
10345,群馬県 吉岡町,18060,522,297
10366,群馬県 上野村,1535,28,18
10367,群馬県 神流町,2757,44,16
10382,群馬県 下仁田町,10144,258,67
10383,群馬県 南牧村,2929,46,11
10384,群馬県 甘楽町,14313,339,104
10421,群馬県 中之条町,19398,391,156
10424,群馬県 長野原町,6563,122,77
10425,群馬県 嬬恋村,10858,130,98
10426,群馬県 草津町,7602,171,139
10428,群馬県 高山村,4351,122,34
10429,群馬県 東吾妻町,16847,349,139
10443,群馬県 片品村,5478,102,68
10444,群馬県 川場村,4179,76,25
10448,群馬県 昭和村,7783,153,59
10449,群馬県 みなかみ町,23310,575,242
10464,群馬県 玉村町,38168,1021,653
10521,群馬県 板倉町,15865,437,226
10522,群馬県 明和町,11326,263,116
10523,群馬県 千代田町,11620,384,157
10524,群馬県 大泉町,41466,1861,953
10525,群馬県 邑楽町,27372,976,461
11101,埼玉県 さいたま市 西区,82342,2728,1649
11102,埼玉県 さいたま市 北区,132109,3907,3096
11103,埼玉県 さいたま市 大宮区,106477,2826,4351
11104,埼玉県 さいたま市 見沼区,152611,4312,3419
11105,埼玉県 さいたま市 中央区,90381,2398,2541
11106,埼玉県 さいたま市 桜区,92889,2711,2084
11107,埼玉県 さいたま市 浦和区,139837,3160,3093
11108,埼玉県 さいたま市 南区,166674,4325,4104
11109,埼玉県 さいたま市 緑区,104018,2719,2132
11110,埼玉県 さいたま市 岩槻区,108976,3512,3018
11201,埼玉県 川越市,333795,9463,7827
11202,埼玉県 熊谷市,204675,6064,5256
11203,埼玉県 川口市,538434,17754,14413
11206,埼玉県 行田市,88815,2724,1709
11207,埼玉県 秩父市,70563,2122,800
11208,埼玉県 所沢市,336100,9136,6134
11209,埼玉県 飯能市,84860,2453,1289
11210,埼玉県 加須市,115497,3553,1952
11211,埼玉県 本庄市,81957,2457,2064
11212,埼玉県 東松山市,91302,2533,1926
11214,埼玉県 春日部市,238506,7712,5439
11215,埼玉県 狭山市,158074,4872,3032
11216,埼玉県 羽生市,56693,1699,1124
11217,埼玉県 鴻巣市,119594,3448,2336
11218,埼玉県 深谷市,146461,4298,2962
11219,埼玉県 上尾市,220232,6468,4932
11221,埼玉県 草加市,236316,7134,5910
11222,埼玉県 越谷市,315792,8919,8008
11223,埼玉県 蕨市,70010,2473,2576
11224,埼玉県 戸田市,116696,3207,4312
11225,埼玉県 入間市,148576,5178,2641
11227,埼玉県 朝霞市,124393,3324,2237
11228,埼玉県 志木市,67448,1894,1100
11229,埼玉県 和光市,76688,1743,1085
11230,埼玉県 新座市,153305,4430,2900
11231,埼玉県 桶川市,73677,2184,1386
11232,埼玉県 久喜市,154684,4732,3047
11233,埼玉県 北本市,70126,2833,1339
11234,埼玉県 八潮市,75507,3017,1979
11235,埼玉県 富士見市,104748,3181,2215
11237,埼玉県 三郷市,128278,3951,3371
11238,埼玉県 蓮田市,63474,1845,1218
11239,埼玉県 坂戸市,98964,3665,2360
11240,埼玉県 幸手市,54006,2190,828
11241,埼玉県 鶴ヶ島市,69783,2263,1553
11242,埼玉県 日高市,53619,1671,752
11243,埼玉県 吉川市,60284,1579,1357
11245,埼玉県 ふじみ野市,101960,3848,2451
11246,埼玉県 白岡市,48389,1247,711
11301,埼玉県 伊奈町,36535,1013,749
11324,埼玉県 三芳町,37050,1113,766
11326,埼玉県 毛呂山町,39122,1385,854
11327,埼玉県 越生町,13356,380,229
11341,埼玉県 滑川町,15434,435,389
11342,埼玉県 嵐山町,19479,478,428
11343,埼玉県 小川町,35401,1154,442
11346,埼玉県 川島町,22906,618,328
11347,埼玉県 吉見町,22217,640,277
11348,埼玉県 鳩山町,15985,504,160
11349,埼玉県 ときがわ町,13271,386,173
11361,埼玉県 横瀬町,9684,245,89
11362,埼玉県 皆野町,11518,349,159
11363,埼玉県 長瀞町,8352,258,93
11365,埼玉県 小鹿野町,14479,410,88
11369,埼玉県 東秩父村,3795,76,36
11381,埼玉県 美里町,11963,380,192
11383,埼玉県 神川町,15062,433,281
11385,埼玉県 上里町,30855,905,589
11408,埼玉県 寄居町,37061,1163,701
11442,埼玉県 宮代町,34620,1038,561
11464,埼玉県 杉戸町,46646,1507,682
11465,埼玉県 松伏町,30857,902,495
12101,千葉県 千葉市 中央区,184637,5987,7391
12102,千葉県 千葉市 花見川区,181708,4867,3768
12103,千葉県 千葉市 稲毛区,149685,3982,3946
12104,千葉県 千葉市 若葉区,149898,4763,3410
12105,千葉県 千葉市 緑区,112850,2735,2088
12106,千葉県 千葉市 美浜区,145541,4265,3356
12202,千葉県 銚子市,75020,2781,970
12203,千葉県 市川市,466608,12388,10935
12204,千葉県 船橋市,569835,17407,12571
12205,千葉県 館山市,50527,1278,691
12206,千葉県 木更津市,122234,4487,2780
12207,千葉県 松戸市,472579,13062,10693
12208,千葉県 野田市,151240,4485,3071
12210,千葉県 茂原市,93260,3188,1891
12211,千葉県 成田市,121139,3041,3248
12212,千葉県 佐倉市,171246,5009,2813
12213,千葉県 東金市,61701,2304,1787
12215,千葉県 旭市,70643,2317,1168
12216,千葉県 習志野市,158785,4608,4274
12217,千葉県 柏市,380963,9846,8461
12218,千葉県 勝浦市,22198,634,319
12219,千葉県 市原市,280255,8117,6039
12220,千葉県 流山市,152641,4400,3305
12221,千葉県 八千代市,180729,5078,3902
12222,千葉県 我孫子市,131205,3520,2255
12223,千葉県 鴨川市,36475,816,670
12224,千葉県 鎌ケ谷市,102812,3051,1836
12225,千葉県 君津市,90977,2824,1608
12226,千葉県 富津市,50162,1461,742
12227,千葉県 浦安市,155290,3192,4164
12228,千葉県 四街道市,84770,2555,2001
12229,千葉県 袖ケ浦市,59108,1808,1301
12230,千葉県 八街市,75735,2725,1465
12231,千葉県 印西市,81102,1814,1602
12232,千葉県 白井市,53005,1579,1088
12233,千葉県 富里市,51370,1666,949
12234,千葉県 南房総市,44763,971,416
12235,千葉県 匝瑳市,42086,1312,774
12236,千葉県 香取市,87332,2754,1347
12237,千葉県 山武市,59024,1961,900
12238,千葉県 いすみ市,42305,1283,616
12239,千葉県 大網白里市,49548,1588,895
12322,千葉県 酒々井町,21385,781,530
12329,千葉県 栄町,24377,837,280
12342,千葉県 神崎町,6705,206,103
12347,千葉県 多古町,16950,410,135
12349,千葉県 東庄町,16166,418,169
12403,千葉県 九十九里町,19009,637,391
12409,千葉県 芝山町,8389,231,104
12410,千葉県 横芝光町,25981,692,389
12421,千葉県 一宮町,11656,402,269
12422,千葉県 睦沢町,7838,240,58
12423,千葉県 長生村,14543,475,186
12424,千葉県 白子町,12850,572,177
12426,千葉県 長柄町,8564,300,133
12427,千葉県 長南町,9824,301,101
12441,千葉県 大多喜町,11514,340,159
12443,千葉県 御宿町,7942,208,112
12463,千葉県 鋸南町,9778,223,120
13101,東京都 千代田区,41778,631,5442
13102,東京都 中央区,98399,1891,4477
13103,東京都 港区,185861,3059,8930
13104,東京都 新宿区,305716,9953,11373
13105,東京都 文京区,189632,4451,2985
13106,東京都 台東区,165186,5653,6798
13107,東京都 墨田区,231173,8404,5020
13108,東京都 江東区,420845,14514,7322
13109,東京都 品川区,346357,9068,4983
13110,東京都 目黒区,264064,5510,3873
13111,東京都 大田区,665674,16623,9480
13112,東京都 世田谷区,841165,17103,14736
13113,東京都 渋谷区,203334,4737,10139
13114,東京都 中野区,310627,9610,5976
13115,東京都 杉並区,528587,12933,8688
13116,東京都 豊島区,250585,6452,9745
13117,東京都 北区,330412,14393,6370
13118,東京都 荒川区,191207,7803,3602
13119,東京都 板橋区,523083,16920,9242
13120,東京都 練馬区,692339,14703,11307
13121,東京都 足立区,624807,24083,13649
13122,東京都 葛飾区,424878,16253,7573
13123,東京都 江戸川区,653944,18709,13529
13201,東京都 八王子市,560012,14239,9202
13203,東京都 武蔵野市,137525,3257,3791
13204,東京都 三鷹市,177016,3808,2714
13206,東京都 府中市,245623,5938,3468
13207,東京都 昭島市,110143,4250,2094
13209,東京都 町田市,405534,10675,6919
13211,東京都 小平市,183796,4357,2681
13212,東京都 日野市,176538,4495,1922
13421,東京都 小笠原村,2723,41,5
14101,神奈川県 横浜市 鶴見区,264548,7957,3627
14102,神奈川県 横浜市 神奈川区,221845,6526,3614
14103,神奈川県 横浜市 西区,84944,2496,3293
14104,神奈川県 横浜市 中区,140167,6055,5018
14105,神奈川県 横浜市 南区,196822,6874,2899
14106,神奈川県 横浜市 保土ケ谷区,204266,5392,2273
14107,神奈川県 横浜市 磯子区,163525,4317,1915
14108,神奈川県 横浜市 金沢区,210658,5113,2964
14109,神奈川県 横浜市 港北区,311722,7744,5544
14110,神奈川県 横浜市 戸塚区,261616,6516,3837
14111,神奈川県 横浜市 港南区,221837,6232,3206
14112,神奈川県 横浜市 旭区,249680,6695,2337
14113,神奈川県 横浜市 緑区,169831,4357,2688
14114,神奈川県 横浜市 瀬谷区,127405,4529,1783
14115,神奈川県 横浜市 栄区,123802,3368,1376
14116,神奈川県 横浜市 泉区,152349,4243,2141
14117,神奈川県 横浜市 青葉区,295603,5585,3343
14118,神奈川県 横浜市 都筑区,179008,3465,3011
14131,神奈川県 川崎市 川崎区,203804,8288,6520
14132,神奈川県 川崎市 幸区,144487,6557,2159
14133,神奈川県 川崎市 中原区,210543,5556,3693
14134,神奈川県 川崎市 高津区,201792,5743,2949
14135,神奈川県 川崎市 多摩区,205389,5279,2567
14136,神奈川県 川崎市 宮前区,207895,5191,2168
14137,神奈川県 川崎市 麻生区,153101,3587,2053
14150,神奈川県 相模原市,701630,20170,13152
14201,神奈川県 横須賀市,426178,13140,5514
14203,神奈川県 平塚市,258958,8538,5061
14204,神奈川県 鎌倉市,171158,3933,1863
14205,神奈川県 藤沢市,396014,10757,7664
14206,神奈川県 小田原市,198741,5258,3310
14207,神奈川県 茅ヶ崎市,228420,5855,3044
14208,神奈川県 逗子市,58033,1520,646
14210,神奈川県 三浦市,49861,1430,508
14211,神奈川県 秦野市,168317,4645,2451
14212,神奈川県 厚木市,222403,6644,5168
14213,神奈川県 大和市,221220,7130,5324
14214,神奈川県 伊勢原市,100579,3180,1825
14215,神奈川県 海老名市,123764,3673,2799
14216,神奈川県 座間市,128174,3424,2133
14217,神奈川県 南足柄市,44134,1125,325
14218,神奈川県 綾瀬市,81767,2595,1254
14301,神奈川県 葉山町,31531,797,250
14321,神奈川県 寒川町,47457,1549,809
14341,神奈川県 大磯町,32590,849,367
14342,神奈川県 二宮町,30247,777,404
14361,神奈川県 中井町,10173,212,87
14362,神奈川県 大井町,17530,422,247
14363,神奈川県 松田町,12399,337,135
14364,神奈川県 山北町,12655,318,76
14366,神奈川県 開成町,15123,410,183
14382,神奈川県 箱根町,14206,327,259
14383,神奈川県 真鶴町,8714,284,56
14384,神奈川県 湯河原町,27430,859,334
14401,神奈川県 愛川町,42045,1496,591
14402,神奈川県 清川村,3507,79,28
15100,新潟県 新潟市,813847,23803,12538
15202,新潟県 長岡市,288457,6936,2824
15204,新潟県 三条市,104749,3225,1213
15205,新潟県 柏崎市,94648,2095,883
15206,新潟県 新発田市,104634,2832,1242
15208,新潟県 小千谷市,39956,806,306
15209,新潟県 加茂市,31482,869,231
15210,新潟県 十日町市,62058,1202,423
15211,新潟県 見附市,42668,1071,337
15212,新潟県 村上市,70705,1616,670
15213,新潟県 燕市,83269,2042,949
15216,新潟県 糸魚川市,49844,919,395
15217,新潟県 妙高市,37831,717,421
15218,新潟県 五泉市,56962,1576,423
15222,新潟県 上越市,208082,4688,2162
15223,新潟県 阿賀野市,47043,1267,438
15224,新潟県 佐渡市,67386,1300,534
15225,新潟県 魚沼市,43555,804,308
15226,新潟県 南魚沼市,63329,1245,529
15227,新潟県 胎内市,32813,940,334
15307,新潟県 聖籠町,13497,351,240
15342,新潟県 弥彦村,8545,192,91
15361,新潟県 田上町,13363,447,82
15385,新潟県 阿賀町,14703,341,88
15405,新潟県 出雲崎町,5338,108,55
15461,新潟県 湯沢町,8713,219,296
15482,新潟県 津南町,11719,169,62
15504,新潟県 刈羽村,4806,76,45
15581,新潟県 関川村,7019,108,34
15586,新潟県 粟島浦村,438,7,6
16201,富山県 富山市,421239,9906,5966
16202,富山県 高岡市,181229,4956,2331
16204,富山県 魚津市,46331,1103,651
16205,富山県 氷見市,54495,1384,346
16206,富山県 滑川市,34002,793,419
16207,富山県 黒部市,42694,977,404
16208,富山県 砺波市,49429,949,662
16209,富山県 小矢部市,33533,684,241
16210,富山県 南砺市,58140,1279,369
16211,富山県 射水市,94209,2374,1016
16321,富山県 舟橋村,2673,36,28
16322,富山県 上市町,23039,639,165
16323,富山県 立山町,28011,571,161
16342,富山県 入善町,28005,608,221
16343,富山県 朝日町,14700,341,139
17201,石川県 金沢市,454607,11079,6140
17202,石川県 七尾市,61871,1768,560
17203,石川県 小松市,109084,2626,1316
17204,石川県 輪島市,32823,736,118
17205,石川県 珠洲市,18050,404,56
17206,石川県 加賀市,74982,2668,999
17207,石川県 羽咋市,24517,766,180
17209,石川県 かほく市,34847,914,142
17210,石川県 白山市,109450,2457,995
17211,石川県 能美市,47207,1110,373
17212,石川県 野々市市,47977,1109,899
17324,石川県 川北町,5677,93,97
17361,石川県 津幡町,35712,818,291
17365,石川県 内灘町,26896,701,156
17384,石川県 志賀町,23790,486,96
17386,石川県 宝達志水町,15236,430,98
17407,石川県 中能登町,18959,507,106
17461,石川県 穴水町,10549,240,29
17463,石川県 能登町,21792,551,75
18201,福井県 福井市,269144,6217,3520
18202,福井県 敦賀市,68402,1844,771
18204,福井県 小浜市,32182,797,260
18205,福井県 大野市,37843,818,276
18206,福井県 勝山市,26961,538,145
18207,福井県 鯖江市,66831,1406,640
18208,福井県 あわら市,31081,779,366
18209,福井県 越前市,87742,2125,773
18210,福井県 坂井市,92318,2109,896
18322,福井県 永平寺町,20764,394,100
18382,福井県 池田町,3405,45,20
18404,福井県 南越前町,12274,269,66
18423,福井県 越前町,23995,506,115
18442,福井県 美浜町,11023,258,75
18481,福井県 高浜町,11630,254,93
18483,福井県 おおい町,9217,179,53
18501,福井県 若狭町,16780,250,155
19201,山梨県 甲府市,199749,6600,3494
19202,山梨県 富士吉田市,52572,1448,509
19204,山梨県 都留市,35017,773,300
19205,山梨県 山梨市,38686,1008,370
19206,山梨県 大月市,30879,834,154
19207,山梨県 韮崎市,33801,1093,353
19208,山梨県 南アルプス市,72055,1870,630
19209,山梨県 北杜市,48144,1074,502
19210,山梨県 甲斐市,74062,2119,911
19211,山梨県 笛吹市,71711,2038,1101
19212,山梨県 上野原市,28986,802,214
19213,山梨県 甲州市,35922,957,281
19214,山梨県 中央市,31650,887,391
19346,山梨県 市川三郷町,17939,491,124
19364,山梨県 早川町,1534,28,5
19365,山梨県 身延町,16334,405,131
19366,山梨県 南部町,10254,303,71
19368,山梨県 富士川町,17405,571,116
19384,山梨県 昭和町,16764,489,494
19422,山梨県 道志村,2051,55,19
19423,山梨県 西桂町,4850,135,18
19424,山梨県 忍野村,8490,157,24
19425,山梨県 山中湖村,5440,106,101
19429,山梨県 鳴沢村,2958,63,33
19430,山梨県 富士河口湖町,23943,696,295
19442,山梨県 小菅村,1018,33,7
19443,山梨県 丹波山村,780,17,10
20201,長野県 長野市,386572,9372,4958
20202,長野県 松本市,242541,6919,4091
20203,長野県 上田市,163651,4718,2121
20204,長野県 岡谷市,54699,1379,673
20205,長野県 飯田市,108624,2123,1262
20206,長野県 諏訪市,53240,1656,792
20207,長野県 須坂市,53668,1336,506
20208,長野県 小諸市,45499,1777,408
20209,長野県 伊那市,71788,2095,826
20210,長野県 駒ヶ根市,34417,586,371
20211,長野県 中野市,46788,1097,617
20212,長野県 大町市,32145,923,412
20213,長野県 飯山市,24960,489,247
20214,長野県 茅野市,57099,1231,738
20215,長野県 塩尻市,68346,1615,956
20217,長野県 佐久市,100462,2864,1305
20218,長野県 千曲市,64022,2001,687
20219,長野県 東御市,31271,1127,313
20220,長野県 安曇野市,96266,2148,1227
20303,長野県 小海町,5663,116,45
20304,長野県 川上村,4759,45,23
20305,長野県 南牧村,3494,40,29
20306,長野県 南相木村,1151,13,8
20307,長野県 北相木村,942,7,3
20309,長野県 佐久穂町,12980,399,79
20321,長野県 軽井沢町,17144,412,303
20323,長野県 御代田町,14124,428,164
20324,長野県 立科町,8237,163,82
20349,長野県 青木村,4774,98,31
20350,長野県 長和町,7304,191,47
20361,長野県 下諏訪町,22863,521,220
20362,長野県 富士見町,15528,338,148
20363,長野県 原村,7456,159,57
20382,長野県 辰野町,21801,489,206
20383,長野県 箕輪町,26276,582,284
20384,長野県 飯島町,10570,173,97
20385,長野県 南箕輪村,13620,289,166
20386,長野県 中川村,5263,91,27
20388,長野県 宮田村,8968,169,84
20402,長野県 松川町,14117,304,141
20403,長野県 高森町,12976,194,146
20404,長野県 阿南町,5972,83,20
20407,長野県 阿智村,7548,164,94
20409,長野県 平谷村,688,48,25
20410,長野県 根羽村,1253,16,14
20411,長野県 下條村,4210,81,23
20412,長野県 売木村,735,9,5
20413,長野県 天龍村,2002,49,4
20414,長野県 泰阜村,2062,32,7
20415,長野県 喬木村,6912,128,67
20416,長野県 豊丘村,7068,105,43
20417,長野県 大鹿村,1356,33,10
20422,長野県 上松町,5770,106,37
20423,長野県 南木曽町,5238,69,27
20425,長野県 木祖村,3361,65,17
20429,長野県 王滝村,1097,17,8
20430,長野県 大桑村,4457,76,17
20432,長野県 木曽町,13900,307,87
20446,長野県 麻績村,3204,32,21
20448,長野県 生坂村,2160,62,12
20450,長野県 山形村,8195,138,98
20451,長野県 朝日村,4875,88,20
20452,長野県 筑北村,5702,158,41
20481,長野県 池田町,10630,282,75
20482,長野県 松川村,10072,243,102
20485,長野県 白馬村,9500,312,184
20486,長野県 小谷村,3920,176,52
20521,長野県 坂城町,16463,454,131
20541,長野県 小布施町,11477,226,103
20543,長野県 高山村,7654,177,35
20561,長野県 山ノ内町,14704,426,193
20562,長野県 木島平村,5312,77,33
20563,長野県 野沢温泉村,4259,100,55
20583,長野県 信濃町,9927,214,67
20588,長野県 小川村,3371,77,26
20590,長野県 飯綱町,12504,212,78
20602,長野県 栄村,2488,33,14
21201,岐阜県 岐阜市,413367,12901,10847
21202,岐阜県 大垣市,162070,4344,3467
21203,岐阜県 高山市,96231,1988,1031
21204,岐阜県 多治見市,114876,2666,1708
21205,岐阜県 関市,92597,2269,1499
21206,岐阜県 中津川市,84080,1646,866
21207,岐阜県 美濃市,23390,603,310
21208,岐阜県 瑞浪市,42065,901,662
21209,岐阜県 羽島市,66730,1644,1419
21210,岐阜県 恵那市,55761,1106,683
21211,岐阜県 美濃加茂市,52133,1230,1073
21212,岐阜県 土岐市,62102,1660,917
21213,岐阜県 各務原市,144174,4222,3243
21214,岐阜県 可児市,97686,2528,1779
21215,岐阜県 山県市,30316,753,435
21216,岐阜県 瑞穂市,50009,1451,1136
21217,岐阜県 飛騨市,28902,472,248
21218,岐阜県 本巣市,34603,804,693
21219,岐阜県 郡上市,47495,740,496
21220,岐阜県 下呂市,38494,649,256
21221,岐阜県 海津市,39453,1009,799
21302,岐阜県 岐南町,22776,777,901
21303,岐阜県 笠松町,22696,736,551
21341,岐阜県 養老町,32550,1040,432
21361,岐阜県 垂井町,28895,758,422
21362,岐阜県 関ケ原町,8618,219,113
21381,岐阜県 神戸町,20830,600,282
21382,岐阜県 輪之内町,9419,225,162
21383,岐阜県 安八町,15263,394,266
21401,岐阜県 揖斐川町,26192,601,224
21403,岐阜県 大野町,23788,647,231
21404,岐阜県 池田町,24559,537,242
21421,岐阜県 北方町,17547,592,446
21501,岐阜県 坂祝町,8552,242,132
21502,岐阜県 富加町,5710,160,81
21503,岐阜県 川辺町,10838,220,136
21504,岐阜県 七宗町,4870,70,41
21505,岐阜県 八百津町,12935,226,78
21506,岐阜県 白川町,10545,156,62
21507,岐阜県 東白川村,2854,27,12
21521,岐阜県 御嵩町,19272,429,244
21604,岐阜県 白川村,1983,13,19
22101,静岡県 静岡市 葵区,262764,6895,4364
22102,静岡県 静岡市 駿河区,208055,6205,3727
22103,静岡県 静岡市 清水区,252504,6790,3415
22130,静岡県 浜松市,804032,17951,11853
22203,静岡県 沼津市,208005,6478,3889
22205,静岡県 熱海市,41202,1322,581
22206,静岡県 三島市,112241,3019,1683
22207,静岡県 富士宮市,131476,3430,1455
22208,静岡県 伊東市,72441,2150,918
22209,静岡県 島田市,102108,2323,1100
22210,静岡県 富士市,253297,6605,4063
22211,静岡県 磐田市,170899,4073,2193
22212,静岡県 焼津市,143101,3859,1921
22213,静岡県 掛川市,117857,2548,1533
22214,静岡県 藤枝市,141944,3327,1685
22215,静岡県 御殿場市,85976,1982,1516
22216,静岡県 袋井市,82991,1863,1448
22219,静岡県 下田市,26557,828,325
22220,静岡県 裾野市,53062,1169,841
22221,静岡県 湖西市,60994,1366,1225
22222,静岡県 伊豆市,36627,805,366
22223,静岡県 御前崎市,35272,755,508
22224,静岡県 菊川市,47502,860,435
22225,静岡県 伊豆の国市,50011,1384,778
22226,静岡県 牧之原市,50645,995,682
22301,静岡県 東伊豆町,15165,470,96
22302,静岡県 河津町,8303,198,93
22304,静岡県 南伊豆町,10003,245,55
22305,静岡県 松崎町,8104,136,64
22306,静岡県 西伊豆町,10372,266,82
22325,静岡県 函南町,38803,1209,550
22341,静岡県 清水町,31961,930,592
22342,静岡県 長泉町,38716,960,643
22344,静岡県 小山町,21478,405,192
22424,静岡県 吉田町,28648,627,464
22429,静岡県 川根本町,8988,149,19
22461,静岡県 森町,20273,410,159
23101,愛知県 名古屋市 千種区,153118,3667,5066
23102,愛知県 名古屋市 東区,68485,2185,3328
23103,愛知県 名古屋市 北区,166441,5713,5793
23104,愛知県 名古屋市 西区,143104,3806,5501
23105,愛知県 名古屋市 中村区,134576,4616,6931
23106,愛知県 名古屋市 中区,70738,2133,8743
23107,愛知県 名古屋市 昭和区,105001,2562,3448
23108,愛知県 名古屋市 瑞穂区,105358,2577,2703
23109,愛知県 名古屋市 熱田区,63608,2064,2868
23110,愛知県 名古屋市 中川区,215809,6994,7865
23111,愛知県 名古屋市 港区,151872,5306,5544
23112,愛知県 名古屋市 南区,143973,5569,4637
23113,愛知県 名古屋市 守山区,161345,4569,4088
23114,愛知県 名古屋市 緑区,216545,5305,4918
23115,愛知県 名古屋市 名東区,157125,3871,4248
23116,愛知県 名古屋市 天白区,157964,3942,4062
23201,愛知県 豊橋市,372479,9295,9050
23202,愛知県 岡崎市,363807,7387,8309
23203,愛知県 一宮市,371687,9736,8633
23204,愛知県 瀬戸市,131925,3150,2364
23205,愛知県 半田市,115845,2914,2270
23206,愛知県 春日井市,295802,7950,7955
23207,愛知県 豊川市,181444,4171,3995
23208,愛知県 津島市,65547,1694,1800
23209,愛知県 碧南市,71408,1203,1340
23210,愛知県 刈谷市,142134,2552,4142
23211,愛知県 豊田市,412141,7456,9412
23212,愛知県 安城市,170250,3276,4123
23213,愛知県 西尾市,163232,3357,3029
23214,愛知県 蒲郡市,82108,1825,1629
23215,愛知県 犬山市,74294,1765,1467
23216,愛知県 常滑市,51265,1031,761
23217,愛知県 江南市,99055,2402,2361
23219,愛知県 小牧市,147182,3612,4956
23220,愛知県 稲沢市,136965,3096,3071
23221,愛知県 新城市,52178,1151,656
23222,愛知県 東海市,104339,2542,2229
23223,愛知県 大府市,80262,1560,2145
23224,愛知県 知多市,83373,1765,1183
23225,愛知県 知立市,66085,1574,1973
23226,愛知県 尾張旭市,78394,1906,1995
23227,愛知県 高浜市,41351,951,905
23228,愛知県 岩倉市,47926,1310,1400
23229,愛知県 豊明市,68285,1365,1711
23230,愛知県 日進市,78591,1327,1806
23231,愛知県 田原市,66390,995,818
23232,愛知県 愛西市,65556,1610,1315
23233,愛知県 清須市,63358,1627,1921
23234,愛知県 北名古屋市,78078,2314,2418
23235,愛知県 弥富市,42575,1080,1190
23236,愛知県 みよし市,56252,828,1881
23237,愛知県 あま市,85307,2378,2257
23238,愛知県 長久手市,46493,880,1638
23302,愛知県 東郷町,39384,737,913
23342,愛知県 豊山町,13565,436,549
23361,愛知県 大口町,21602,446,632
23362,愛知県 扶桑町,32535,778,872
23424,愛知県 大治町,28501,812,925
23425,愛知県 蟹江町,36750,884,1211
23427,愛知県 飛島村,4369,69,312
23441,愛知県 阿久比町,24577,569,431
23442,愛知県 東浦町,48046,1076,1018
23445,愛知県 南知多町,21909,370,332
23446,愛知県 美浜町,26294,524,406
23447,愛知県 武豊町,40981,985,691
23501,愛知県 幸田町,35596,635,603
23561,愛知県 設楽町,6306,88,60
23562,愛知県 東栄町,4347,53,38
23563,愛知県 豊根村,1517,13,16
24201,三重県 津市,288538,7872,6031
24202,三重県 四日市市,303845,6810,7361
24203,三重県 伊勢市,134973,3649,2143
24204,三重県 松阪市,168973,4257,3099
24205,三重県 桑名市,138963,3225,2803
24207,三重県 鈴鹿市,193114,4296,4506
24208,三重県 名張市,82156,2328,1098
24209,三重県 尾鷲市,22103,573,186
24210,三重県 亀山市,49253,1047,923
24211,三重県 鳥羽市,23067,430,344
24212,三重県 熊野市,21230,541,223
24214,三重県 いなべ市,46446,889,631
24215,三重県 志摩市,58225,1718,521
24216,三重県 伊賀市,100623,2612,1580
24303,三重県 木曽岬町,6965,197,136
24324,三重県 東員町,25897,560,265
24341,三重県 菰野町,38986,875,543
24343,三重県 朝日町,7114,151,207
24344,三重県 川越町,13048,361,356
24441,三重県 多気町,15793,336,192
24442,三重県 明和町,22618,529,329
24443,三重県 大台町,11099,207,82
24461,三重県 玉城町,14888,329,206
24470,三重県 度会町,9057,173,98
24471,三重県 大紀町,10788,238,82
24472,三重県 南伊勢町,16687,405,138
24543,三重県 紀北町,19963,530,172
24561,三重県 御浜町,9903,211,88
24562,三重県 紀宝町,12648,372,108
25201,滋賀県 大津市,323719,8791,4754
25202,滋賀県 彦根市,109779,2755,1837
25203,滋賀県 長浜市,124498,2710,1654
25204,滋賀県 近江八幡市,80610,2189,1041
25206,滋賀県 草津市,121159,3005,2179
25207,滋賀県 守山市,70823,1703,771
25208,滋賀県 栗東市,59869,1635,960
25209,滋賀県 甲賀市,93853,1693,1227
25210,滋賀県 野洲市,49486,1169,581
25211,滋賀県 湖南市,55325,1361,733
25212,滋賀県 高島市,53950,1247,442
25213,滋賀県 東近江市,116797,2547,1160
25214,滋賀県 米原市,41009,789,468
25383,滋賀県 日野町,22809,471,259
25384,滋賀県 竜王町,13280,239,128
25425,滋賀県 愛荘町,19729,520,267
25441,滋賀県 豊郷町,7418,393,118
25442,滋賀県 甲良町,8103,311,75
25443,滋賀県 多賀町,8145,209,89
26101,京都府 京都市 北区,124266,3317,2663
26102,京都府 京都市 上京区,83534,2215,1466
26103,京都府 京都市 左京区,169587,4377,3932
26104,京都府 京都市 中京区,102129,3378,3841
26105,京都府 京都市 東山区,42464,1359,1639
26106,京都府 京都市 下京区,75437,2464,3723
26107,京都府 京都市 南区,98193,4072,3472
26108,京都府 京都市 右京区,202356,6110,3451
26109,京都府 京都市 伏見区,285419,10214,7662
26110,京都府 京都市 山科区,136670,4516,3138
26111,京都府 京都市 西京区,154756,4591,2973
26201,京都府 福知山市,81977,2068,1379
26202,京都府 舞鶴市,91733,2383,1289
26203,京都府 綾部市,37755,771,398
26204,京都府 宇治市,189591,5853,3292
26205,京都府 宮津市,21512,482,242
26206,京都府 亀岡市,93996,2830,1571
26207,京都府 城陽市,81636,2428,1241
26208,京都府 向日市,55041,2008,1170
26209,京都府 長岡京市,78335,2347,1268
26210,京都府 八幡市,74252,2705,1779
26211,京都府 京田辺市,64008,1773,1372
26212,京都府 京丹後市,62723,1205,654
26213,京都府 南丹市,36736,827,498
26214,京都府 木津川市,63649,1849,1001
26303,京都府 大山崎町,15191,517,198
26322,京都府 久御山町,16610,653,650
26343,京都府 井手町,8951,514,133
26344,京都府 宇治田原町,10060,224,126
26364,京都府 笠置町,1876,74,18
26365,京都府 和束町,4998,148,42
26366,京都府 精華町,34236,814,633
26367,京都府 南山城村,3466,60,47
26407,京都府 京丹波町,16893,371,165
26463,京都府 伊根町,2718,43,15
26465,京都府 与謝野町,24906,542,263
27102,大阪府 大阪市 都島区,99831,4419,3520
27103,大阪府 大阪市 福島区,60959,2692,2193
27104,大阪府 大阪市 此花区,63809,4126,1562
27106,大阪府 大阪市 西区,72591,2777,3801
27107,大阪府 大阪市 港区,83191,5395,2101
27108,大阪府 大阪市 大正区,73207,5235,1856
27109,大阪府 大阪市 天王寺区,64137,3279,4232
27111,大阪府 大阪市 浪速区,54174,3051,5273
27113,大阪府 大阪市 西淀川区,95662,5157,2239
27114,大阪府 大阪市 東淀川区,178343,10885,5368
27115,大阪府 大阪市 東成区,78929,4832,2768
27116,大阪府 大阪市 生野区,138564,8799,4028
27117,大阪府 大阪市 旭区,95204,5351,2342
27118,大阪府 大阪市 城東区,160925,8404,3552
27119,大阪府 大阪市 阿倍野区,107354,6554,3973
27120,大阪府 大阪市 住吉区,158999,10531,4618
27121,大阪府 大阪市 東住吉区,135016,7239,4751
27122,大阪府 大阪市 西成区,132767,12738,5551
27123,大阪府 大阪市 淀川区,169222,10906,5548
27124,大阪府 大阪市 鶴見区,107419,4699,2787
27125,大阪府 大阪市 住之江区,130627,7545,4111
27126,大阪府 大阪市 平野区,200678,12690,6759
27127,大阪府 大阪市 北区,100385,4154,11032
27128,大阪府 大阪市 中央区,66818,2546,12764
27140,大阪府 堺市,830966,29079,22642
27202,大阪府 岸和田市,201000,7953,4739
27203,大阪府 豊中市,386623,12264,8443
27204,大阪府 池田市,101616,2983,2139
27205,大阪府 吹田市,353885,10675,7573
27206,大阪府 泉大津市,77673,3435,1955
27207,大阪府 高槻市,351826,11629,5715
27208,大阪府 貝塚市,90314,3406,1844
27209,大阪府 守口市,147465,5623,4318
27210,大阪府 枚方市,404044,13771,7288
27211,大阪府 茨木市,267961,8301,5939
27212,大阪府 八尾市,273487,10614,6678
27213,大阪府 泉佐野市,98889,3859,2417
27214,大阪府 富田林市,123837,4105,2408
27215,大阪府 寝屋川市,241816,10543,5605
27216,大阪府 河内長野市,117239,3235,1777
27217,大阪府 松原市,127276,5589,3430
27218,大阪府 大東市,126504,5355,3793
27219,大阪府 和泉市,177856,6301,4100
27220,大阪府 箕面市,127135,3172,2836
27221,大阪府 柏原市,77034,3137,1386
27222,大阪府 羽曳野市,118695,3925,2280
27223,大阪府 門真市,131706,5892,4516
27224,大阪府 摂津市,85009,2985,2249
27225,大阪府 高石市,61127,2074,1290
27226,大阪府 藤井寺市,65780,2429,1721
27227,大阪府 東大阪市,513821,19247,15267
27228,大阪府 泉南市,64683,2422,1259
27229,大阪府 四條畷市,57342,1981,1172
27230,大阪府 交野市,77644,2307,1202
27231,大阪府 大阪狭山市,58208,2090,1267
27232,大阪府 阪南市,57616,2182,860
27301,大阪府 島本町,29052,819,388
27321,大阪府 豊能町,23928,648,121
27322,大阪府 能勢町,12897,327,95
27341,大阪府 忠岡町,17586,865,336
27361,大阪府 熊取町,44505,1303,634
27362,大阪府 田尻町,7240,216,193
27366,大阪府 岬町,18504,665,252
27381,大阪府 太子町,14483,393,208
27382,大阪府 河南町,17545,507,293
27383,大阪府 千早赤阪村,6538,190,46
28101,兵庫県 神戸市 東灘区,206037,6717,3943
28102,兵庫県 神戸市 灘区,128050,4103,3145
28105,兵庫県 神戸市 兵庫区,106985,6425,3680
28106,兵庫県 神戸市 長田区,103791,5830,2843
28107,兵庫県 神戸市 須磨区,171628,6615,2930
28108,兵庫県 神戸市 垂水区,222729,7565,3548
28109,兵庫県 神戸市 北区,225945,6982,2992
28110,兵庫県 神戸市 中央区,116591,5431,7530
28111,兵庫県 神戸市 西区,243637,7532,5199
28201,兵庫県 姫路市,536232,16831,13519
28202,兵庫県 尼崎市,462647,17046,15466
28203,兵庫県 明石市,291027,9500,7003
28204,兵庫県 西宮市,465337,12464,10935
28205,兵庫県 洲本市,50030,1356,702
28206,兵庫県 芦屋市,90590,2311,1641
28207,兵庫県 伊丹市,192250,6512,5632
28208,兵庫県 相生市,32475,1023,479
28209,兵庫県 豊岡市,89208,2233,1131
28210,兵庫県 加古川市,267100,8707,6449
28212,兵庫県 赤穂市,51794,1550,845
28213,兵庫県 西脇市,43953,1282,672
28214,兵庫県 宝塚市,219862,6140,3287
28215,兵庫県 三木市,84361,2493,1420
28216,兵庫県 高砂市,94813,3188,1888
28217,兵庫県 川西市,157668,4910,2406
28218,兵庫県 小野市,49761,1345,843
28219,兵庫県 三田市,113572,2287,1560
28220,兵庫県 加西市,49396,1601,602
28221,兵庫県 丹波篠山市,45245,936,529
28222,兵庫県 養父市,28306,638,253
28223,兵庫県 丹波市,70810,1624,878
28224,兵庫県 南あわじ市,52283,1168,558
28225,兵庫県 朝来市,34791,949,495
28226,兵庫県 淡路市,49078,1266,517
28227,兵庫県 宍粟市,43302,985,383
28228,兵庫県 加東市,39970,949,716
28229,兵庫県 たつの市,81561,2566,1155
28301,兵庫県 猪名川町,30021,717,339
28365,兵庫県 多可町,24304,574,159
28381,兵庫県 稲美町,31944,947,469
28382,兵庫県 播磨町,33545,1252,783
28442,兵庫県 市川町,14150,378,138
28443,兵庫県 福崎町,20669,487,348
28446,兵庫県 神河町,13077,256,111
28464,兵庫県 太子町,32555,1074,670
28481,兵庫県 上郡町,17603,489,194
28501,兵庫県 佐用町,21012,421,176
28585,兵庫県 香美町,21439,417,207
28586,兵庫県 新温泉町,17467,355,144
29201,奈良県 奈良市,370102,11283,6258
29202,奈良県 大和高田市,70800,2995,1366
29203,奈良県 大和郡山市,91672,2943,1660
29204,奈良県 天理市,71152,2138,1261
29205,奈良県 橿原市,124728,3632,2617
29206,奈良県 桜井市,61130,2406,896
29207,奈良県 五條市,37375,1318,393
29208,奈良県 御所市,32273,1290,312
29209,奈良県 生駒市,113686,2931,1135
29210,奈良県 香芝市,70998,2041,1131
29211,奈良県 葛城市,34985,1191,475
29212,奈良県 宇陀市,37183,1188,313
29322,奈良県 山添村,4595,80,40
29342,奈良県 平群町,20286,656,181
29343,奈良県 三郷町,23062,735,270
29344,奈良県 斑鳩町,27816,785,349
29345,奈良県 安堵町,8257,497,66
29361,奈良県 川西町,9174,409,130
29362,奈良県 三宅町,7764,396,105
29363,奈良県 田原本町,33029,1048,510
29385,奈良県 曽爾村,2193,69,9
29386,奈良県 御杖村,2366,51,14
29401,奈良県 高取町,7914,239,52
29402,奈良県 明日香村,6343,168,44
29424,奈良県 上牧町,24953,841,302
29425,奈良県 王寺町,22751,640,507
29426,奈良県 広陵町,32810,814,302
29427,奈良県 河合町,19446,664,226
29441,奈良県 吉野町,9984,274,78
29442,奈良県 大淀町,20070,695,191
29443,奈良県 下市町,7737,236,37
29444,奈良県 黒滝村,1076,32,2
29446,奈良県 天川村,1800,35,7
29447,奈良県 野迫川村,743,38,5
29449,奈良県 十津川村,4390,75,10
29450,奈良県 下北山村,1212,8,17
29451,奈良県 上北山村,802,33,8
29452,奈良県 川上村,2045,65,16
29453,奈良県 東吉野村,2608,67,22
30201,和歌山県 和歌山市,375591,11989,7707
30202,和歌山県 海南市,57744,1949,645
30203,和歌山県 橋本市,68529,2155,985
30204,和歌山県 有田市,32143,954,378
30205,和歌山県 御坊市,27053,1045,472
30206,和歌山県 田辺市,82499,2689,1122
30207,和歌山県 新宮市,33790,1305,462
30208,和歌山県 紀の川市,67862,1972,960
30209,和歌山県 岩出市,50834,1587,1274
30304,和歌山県 紀美野町,11643,256,67
30341,和歌山県 かつらぎ町,19670,506,287
30343,和歌山県 九度山町,5516,129,40
30344,和歌山県 高野町,4632,86,45
30361,和歌山県 湯浅町,14742,645,276
30362,和歌山県 広川町,8071,248,83
30366,和歌山県 有田川町,28640,529,314
30381,和歌山県 美浜町,8462,252,87
30382,和歌山県 日高町,7344,207,64
30383,和歌山県 由良町,7179,155,77
30390,和歌山県 印南町,9192,216,84
30391,和歌山県 みなべ町,14200,298,126
30392,和歌山県 日高川町,11305,268,78
30401,和歌山県 白浜町,23642,760,280
30404,和歌山県 上富田町,14775,540,138
30406,和歌山県 すさみ町,5293,147,49
30421,和歌山県 那智勝浦町,18185,669,169
30422,和歌山県 太地町,3506,94,24
30424,和歌山県 古座川町,3426,85,35
30427,和歌山県 北山村,570,12,16
30428,和歌山県 串本町,19931,667,180
31201,鳥取県 鳥取市,201740,5886,2388
31202,鳥取県 米子市,149584,4401,2477
31203,鳥取県 倉吉市,52592,1690,690
31204,鳥取県 境港市,36459,1277,436
31302,鳥取県 岩美町,13270,427,98
31325,鳥取県 若桜町,4378,131,39
31328,鳥取県 智頭町,8647,306,59
31329,鳥取県 八頭町,19434,568,134
31364,鳥取県 三朝町,7509,162,53
31370,鳥取県 湯梨浜町,17525,459,159
31371,鳥取県 琴浦町,19499,539,151
31372,鳥取県 北栄町,16052,441,155
31384,鳥取県 日吉津村,3073,88,148
31386,鳥取県 大山町,18897,491,121
31389,鳥取県 南部町,12070,326,80
31390,鳥取県 伯耆町,12343,297,125
31401,鳥取県 日南町,6112,115,17
31402,鳥取県 日野町,4185,130,33
31403,鳥取県 江府町,3643,74,19
32201,島根県 松江市,210796,5155,3095
32202,島根県 浜田市,63046,1520,603
32203,島根県 出雲市,173751,4104,1782
32204,島根県 益田市,52368,1469,634
32205,島根県 大田市,40703,901,275
32206,島根県 安来市,43839,958,291
32207,島根県 江津市,27774,725,227
32209,島根県 雲南市,44403,767,177
32343,島根県 奥出雲町,15812,206,83
32386,島根県 飯南町,5979,68,15
32441,島根県 川本町,4324,84,25
32448,島根県 美郷町,5911,114,38
32449,島根県 邑南町,12944,169,54
32501,島根県 津和野町,9515,243,56
32505,島根県 吉賀町,7362,151,40
32525,島根県 海士町,2581,45,8
32526,島根県 西ノ島町,3486,176,12
32527,島根県 知夫村,725,9,0
32528,島根県 隠岐の島町,16904,289,117
33100,岡山県 岡山市,696172,18890,15038
33202,岡山県 倉敷市,469377,12482,8326
33203,岡山県 津山市,110569,3093,1873
33204,岡山県 玉野市,67047,1897,875
33205,岡山県 笠岡市,57272,1937,655
33207,岡山県 井原市,45104,1005,378
33208,岡山県 総社市,66584,1768,831
33209,岡山県 高梁市,38799,661,281
33210,岡山県 新見市,36073,669,196
33211,岡山県 備前市,40241,1251,466
33212,岡山県 瀬戸内市,39081,1008,428
33213,岡山県 赤磐市,43913,1158,458
33214,岡山県 真庭市,51782,990,421
33215,岡山県 美作市,32479,929,389
33216,岡山県 浅口市,37327,1080,371
33346,岡山県 和気町,16180,505,132
33423,岡山県 早島町,11921,348,251
33445,岡山県 里庄町,10823,339,92
33461,岡山県 矢掛町,15713,380,121
33586,岡山県 新庄村,1019,20,3
33606,岡山県 鏡野町,14059,389,84
33622,岡山県 勝央町,11263,251,131
33623,岡山県 奈義町,6475,132,32
33643,岡山県 西粟倉村,1684,44,16
33663,岡山県 久米南町,5690,115,26
33666,岡山県 美咲町,16577,404,72
33681,岡山県 吉備中央町,14040,191,75
34101,広島県 広島市 中区,127763,4154,4797
34102,広島県 広島市 東区,121222,3152,1440
34103,広島県 広島市 南区,137874,3817,2804
34104,広島県 広島市 西区,184795,4491,2784
34105,広島県 広島市 安佐南区,219343,5108,2786
34106,広島県 広島市 安佐北区,152716,3960,1348
34107,広島県 広島市 安芸区,76656,1953,631
34108,広島県 広島市 佐伯区,134022,3153,1575
34202,広島県 呉市,251003,5918,2439
34203,広島県 竹原市,30657,828,236
34204,広島県 三原市,104196,2658,986
34205,広島県 尾道市,150225,4060,1441
34207,広島県 福山市,459087,13143,6560
34208,広島県 府中市,45188,1217,416
34209,広島県 三次市,59314,1000,478
34210,広島県 庄原市,43149,740,225
34211,広島県 大竹市,30279,876,314
34212,広島県 東広島市,184430,3653,2074
34213,広島県 廿日市市,115530,2857,1296
34214,広島県 安芸高田市,33096,699,210
34215,広島県 江田島市,29939,688,176
34302,広島県 府中町,50732,1661,685
34304,広島県 海田町,29137,851,483
34307,広島県 熊野町,25103,740,150
34309,広島県 坂町,12399,388,198
34368,広島県 安芸太田町,8238,128,38
34369,広島県 北広島町,20857,329,123
34431,広島県 大崎上島町,9236,132,34
34462,広島県 世羅町,18866,381,100
34545,広島県 神石高原町,11590,148,38
35201,山口県 下関市,290693,7621,3849
35202,山口県 宇部市,178955,4993,2445
35203,山口県 山口市,199297,4369,2425
35204,山口県 萩市,57990,1376,618
35206,山口県 防府市,116818,3206,1506
35207,山口県 下松市,53509,1585,790
35208,山口県 岩国市,149702,4034,1616
35210,山口県 光市,53971,1547,457
35211,山口県 長門市,41127,950,287
35212,山口県 柳井市,35927,881,424
35213,山口県 美祢市,29839,594,232
35215,山口県 周南市,152387,3742,1579
35216,山口県 山陽小野田市,66261,1832,702
35305,山口県 周防大島町,21392,414,89
35321,山口県 和木町,6441,175,38
35341,山口県 上関町,3706,75,27
35343,山口県 田布施町,16287,331,97
35344,山口県 平生町,14203,309,111
35502,山口県 阿武町,4101,79,24
36201,徳島県 徳島市,267833,9258,4259
36202,徳島県 鳴門市,63200,2180,715
36203,徳島県 小松島市,42115,1713,486
36204,徳島県 阿南市,78002,2946,636
36205,徳島県 吉野川市,45782,1652,401
36206,徳島県 阿波市,41076,1998,374
36207,徳島県 美馬市,34565,1161,338
36208,徳島県 三好市,34103,1011,306
36301,徳島県 勝浦町,6303,190,30
36302,徳島県 上勝町,1955,21,11
36321,徳島県 佐那河内村,2800,62,5
36341,徳島県 石井町,26068,1222,251
36342,徳島県 神山町,6924,140,34
36368,徳島県 那賀町,10695,194,36
36383,徳島県 牟岐町,5391,154,31
36387,徳島県 美波町,8726,222,32
36388,徳島県 海陽町,11507,306,109
36401,徳島県 松茂町,14926,482,114
36402,徳島県 北島町,20703,758,328
36403,徳島県 藍住町,32286,1532,418
36404,徳島県 板野町,14519,742,181
36405,徳島県 上板町,13123,566,151
36468,徳島県 つるぎ町,11722,466,160
36489,徳島県 東みよし町,15626,456,151
37201,香川県 高松市,418125,13455,8052
37202,香川県 丸亀市,110085,3401,1888
37203,香川県 坂出市,57266,2245,1149
37204,香川県 善通寺市,35495,1234,727
37205,香川県 観音寺市,65226,1917,890
37206,香川県 さぬき市,55754,1664,746
37207,香川県 東かがわ市,35929,1101,431
37208,香川県 三豊市,71180,1794,818
37322,香川県 土庄町,16411,465,152
37324,香川県 小豆島町,17257,499,101
37341,香川県 三木町,28790,943,342
37364,香川県 直島町,3538,68,10
37386,香川県 宇多津町,17460,481,683
37387,香川県 綾川町,25628,663,240
37403,香川県 琴平町,10747,294,227
37404,香川県 多度津町,23613,818,356
37406,香川県 まんのう町,19896,639,177
38201,愛媛県 松山市,514937,17973,10252
38202,愛媛県 今治市,173983,5928,2688
38203,愛媛県 宇和島市,89444,2998,1201
38204,愛媛県 八幡浜市,41264,1127,433
38205,愛媛県 新居浜市,123952,3649,1826
38206,愛媛県 西条市,113371,3435,1623
38207,愛媛県 大洲市,50786,1491,532
38210,愛媛県 伊予市,39493,1097,514
38213,愛媛県 四国中央市,92854,2477,1042
38214,愛媛県 西予市,44948,1077,331
38215,愛媛県 東温市,35278,944,457
38356,愛媛県 上島町,8098,120,55
38386,愛媛県 久万高原町,10946,193,103
38401,愛媛県 松前町,30564,942,318
38402,愛媛県 砥部町,22424,654,231
38422,愛媛県 内子町,19620,447,159
38442,愛媛県 伊方町,12095,301,73
38484,愛媛県 松野町,4690,144,21
38488,愛媛県 鬼北町,12432,285,111
38506,愛媛県 愛南町,26636,1004,173
39201,高知県 高知市,348990,14444,7686
39202,高知県 室戸市,17490,958,193
39203,高知県 安芸市,20348,755,256
39204,高知県 南国市,50758,1809,803
39205,高知県 土佐市,30011,1417,307
39206,高知県 須崎市,26039,1179,251
39208,高知県 宿毛市,24397,1266,264
39209,高知県 土佐清水市,17281,752,109
39210,高知県 四万十市,37917,1505,416
39211,高知県 香南市,33541,1203,503
39212,高知県 香美市,30257,1047,283
39301,高知県 東洋町,3386,232,42
39302,高知県 奈半利町,3727,206,57
39303,高知県 田野町,3236,142,49
39304,高知県 安田町,3297,127,31
39305,高知県 北川村,1478,35,12
39306,高知県 馬路村,1170,21,7
39307,高知県 芸西村,4208,100,55
39341,高知県 本山町,4374,168,32
39344,高知県 大豊町,5492,138,35
39363,高知県 土佐町,4632,80,27
39364,高知県 大川村,538,17,1
39386,高知県 いの町,27068,929,199
39387,高知県 仁淀川町,7347,177,21
39401,高知県 中土佐町,8320,275,79
39402,高知県 佐川町,14447,482,153
39403,高知県 越知町,6952,251,39
39405,高知県 檮原町,4625,157,20
39410,高知県 日高村,5895,309,50
39411,高知県 津野町,6862,158,16
39412,高知県 四万十町,20527,580,161
39424,高知県 大月町,6437,313,41
39427,高知県 三原村,1808,67,12
39428,高知県 黒潮町,13437,538,88
40101,福岡県 北九州市 門司区,108677,4168,1845
40103,福岡県 北九州市 若松区,87340,2813,1346
40105,福岡県 北九州市 戸畑区,63714,2070,1635
40106,福岡県 北九州市 小倉北区,183286,8012,5724
40107,福岡県 北九州市 小倉南区,214624,7885,4690
40108,福岡県 北九州市 八幡東区,75814,3187,1191
40109,福岡県 北九州市 八幡西区,260070,8441,5567
40131,福岡県 福岡市 東区,274481,9057,6056
40132,福岡県 福岡市 博多区,195711,7956,7651
40133,福岡県 福岡市 中央区,167100,5712,7382
40134,福岡県 福岡市 南区,246367,8276,5075
40135,福岡県 福岡市 西区,179387,6199,3439
40136,福岡県 福岡市 城南区,128663,4258,3062
40137,福岡県 福岡市 早良区,209570,6686,4552
40202,福岡県 大牟田市,131090,5184,2236
40203,福岡県 久留米市,306434,10222,5902
40204,福岡県 直方市,57497,2381,1454
40205,福岡県 飯塚市,133357,6327,3335
40206,福岡県 田川市,51534,2485,1321
40207,福岡県 柳川市,74539,2749,981
40210,福岡県 八女市,73262,1957,942
40211,福岡県 筑後市,47844,1501,767
40212,福岡県 大川市,39213,1434,555
40213,福岡県 行橋市,70070,3001,1333
40214,福岡県 豊前市,28104,871,370
40215,福岡県 中間市,46560,2170,1101
40216,福岡県 小郡市,57481,1772,773
40217,福岡県 筑紫野市,97571,3134,1807
40218,福岡県 春日市,108402,3634,2144
40219,福岡県 大野城市,92748,2955,1994
40220,福岡県 宗像市,94148,2840,1461
40221,福岡県 太宰府市,67087,2353,1414
40223,福岡県 古賀市,55943,1746,973
40224,福岡県 福津市,55677,1970,802
40225,福岡県 うきは市,32902,1100,376
40226,福岡県 宮若市,30630,1412,455
40227,福岡県 嘉麻市,45929,2293,658
40228,福岡県 朝倉市,59385,1936,957
40229,福岡県 みやま市,43372,1403,514
40230,福岡県 糸島市,97974,3404,1626
40231,福岡県 那珂川市,46972,1612,845
40341,福岡県 宇美町,39136,1331,563
40342,福岡県 篠栗町,30985,1158,396
40343,福岡県 志免町,40557,1738,1004
40344,福岡県 須恵町,25601,1046,340
40345,福岡県 新宮町,23447,698,580
40348,福岡県 久山町,7858,230,220
40349,福岡県 粕屋町,37685,1344,1044
40381,福岡県 芦屋町,16247,573,247
40382,福岡県 水巻町,30679,1427,684
40383,福岡県 岡垣町,31332,978,393
40384,福岡県 遠賀町,19279,668,470
40401,福岡県 小竹町,9253,492,148
40402,福岡県 鞍手町,18204,950,243
40421,福岡県 桂川町,14535,765,224
40447,福岡県 筑前町,29353,902,363
40448,福岡県 東峰村,2749,58,8
40503,福岡県 大刀洗町,15400,458,203
40522,福岡県 大木町,14282,513,124
40544,福岡県 広川町,20248,608,252
40601,福岡県 香春町,12369,698,194
40602,福岡県 添田町,11810,576,109
40604,福岡県 糸田町,10216,647,160
40605,福岡県 川崎町,20115,1660,433
40608,福岡県 大任町,5741,359,97
40609,福岡県 赤村,3408,158,45
40610,福岡県 福智町,25543,1761,349
40621,福岡県 苅田町,34387,1232,717
40625,福岡県 みやこ町,22898,807,328
40642,福岡県 吉富町,7053,236,77
40646,福岡県 上毛町,8172,217,104
40647,福岡県 築上町,20837,739,337
41201,佐賀県 佐賀市,241361,7039,4217
41202,佐賀県 唐津市,131116,4163,1674
41203,佐賀県 鳥栖市,64723,1885,1099
41204,佐賀県 多久市,22739,698,193
41205,佐賀県 伊万里市,58190,1850,710
41206,佐賀県 武雄市,51497,1511,501
41207,佐賀県 鹿島市,32117,849,332
41208,佐賀県 小城市,45852,1322,505
41209,佐賀県 嬉野市,30392,811,173
41210,佐賀県 神埼市,33537,1083,313
41327,佐賀県 吉野ヶ里町,16100,476,208
41341,佐賀県 基山町,18889,534,213
41345,佐賀県 上峰町,9090,259,138
41346,佐賀県 みやき町,27157,896,182
41387,佐賀県 玄海町,6738,127,49
41401,佐賀県 有田町,21570,629,159
41423,佐賀県 大町町,7956,461,63
41424,佐賀県 江北町,9628,331,128
41425,佐賀県 白石町,27057,584,136
41441,佐賀県 太良町,10660,204,39
42201,長崎県 長崎市,455206,15431,4134
42202,長崎県 佐世保市,269574,9411,2626
42203,長崎県 島原市,50045,1540,464
42204,長崎県 諫早市,144034,4514,1264
42205,長崎県 大村市,88040,2756,1192
42207,長崎県 平戸市,38389,1141,165
42208,長崎県 松浦市,26993,957,236
42209,長崎県 対馬市,38481,1269,324
42210,長崎県 壱岐市,31414,764,249
42211,長崎県 五島市,44765,1276,306
42212,長崎県 西海市,33680,813,115
42213,長崎県 雲仙市,49998,1370,364
42214,長崎県 南島原市,54045,1377,353
42307,長崎県 長与町,42655,1028,225
42308,長崎県 時津町,29127,921,314
42321,長崎県 東彼杵町,9657,317,52
42322,長崎県 川棚町,15158,446,122
42323,長崎県 波佐見町,15367,361,82
42383,長崎県 小値賀町,3268,49,4
42391,長崎県 佐々町,13697,505,112
42411,長崎県 新上五島町,25039,872,111
43100,熊本県 熊本市,727978,22490,12005
43202,熊本県 八代市,136886,3746,1665
43203,熊本県 人吉市,37583,1099,387
43204,熊本県 荒尾市,55960,2347,730
43205,熊本県 水俣市,29120,859,214
43206,熊本県 玉名市,71851,2175,745
43208,熊本県 山鹿市,57726,1741,651
43210,熊本県 菊池市,51862,1488,568
43211,熊本県 宇土市,38023,1134,445
43212,熊本県 上天草市,32502,969,137
43213,熊本県 宇城市,63089,1901,724
43214,熊本県 阿蘇市,29636,793,218
43215,熊本県 天草市,96473,3049,473
43216,熊本県 合志市,51647,1466,374
43348,熊本県 美里町,12254,307,66
43364,熊本県 玉東町,5626,132,44
43367,熊本県 南関町,11203,297,84
43368,熊本県 長洲町,17381,666,124
43369,熊本県 和水町,11900,255,61
43403,熊本県 大津町,29107,870,303
43404,熊本県 菊陽町,32434,961,520
43423,熊本県 南小国町,4687,95,50
43424,熊本県 小国町,8621,156,57
43425,熊本県 産山村,1708,22,18
43428,熊本県 高森町,7081,158,48
43432,熊本県 西原村,6352,168,32
43433,熊本県 南阿蘇村,12254,244,84
43441,熊本県 御船町,18116,591,125
43442,熊本県 嘉島町,8492,255,126
43443,熊本県 益城町,32782,1027,275
43444,熊本県 甲佐町,11604,322,63
43447,熊本県 山都町,18761,346,95
43468,熊本県 氷川町,13232,379,100
43482,熊本県 芦北町,20840,536,123
43484,熊本県 津奈木町,5424,164,24
43501,熊本県 錦町,11647,363,91
43505,熊本県 多良木町,11398,307,58
43506,熊本県 湯前町,4726,135,17
43507,熊本県 水上村,2597,69,6
43510,熊本県 相良村,5398,130,32
43511,熊本県 五木村,1358,30,5
43512,熊本県 山江村,3901,84,21
43513,熊本県 球磨村,4786,132,33
43514,熊本県 あさぎり町,17300,429,123
43531,熊本県 苓北町,8927,176,33
44201,大分県 大分市,462317,15185,5944
44202,大分県 別府市,126959,4848,1690
44203,大分県 中津市,84368,2496,1240
44204,大分県 日田市,74165,2237,751
44205,大分県 佐伯市,80297,2450,606
44206,大分県 臼杵市,43352,1391,271
44207,大分県 津久見市,21456,648,101
44208,大分県 竹田市,26534,574,188
44209,大分県 豊後高田市,25114,690,185
44210,大分県 杵築市,33567,734,314
44211,大分県 宇佐市,60809,1737,521
44212,大分県 豊後大野市,41548,1020,261
44213,大分県 由布市,35386,1020,298
44214,大分県 国東市,34206,683,247
44322,大分県 姫島村,2469,37,3
44341,大分県 日出町,27640,770,211
44461,大分県 九重町,11108,224,73
44462,大分県 玖珠町,18276,451,105
45201,宮崎県 宮崎市,395593,12662,5260
45202,宮崎県 都城市,170955,5068,1689
45203,宮崎県 延岡市,135182,4949,1420
45204,宮崎県 日南市,60914,2021,530
45205,宮崎県 小林市,49820,1258,442
45206,宮崎県 日向市,63555,2299,768
45207,宮崎県 串間市,22118,670,137
45208,宮崎県 西都市,34087,1046,308
45209,宮崎県 えびの市,23079,584,162
45341,宮崎県 三股町,24545,679,204
45361,宮崎県 高原町,10623,311,87
45382,宮崎県 国富町,21692,665,205
45383,宮崎県 綾町,7478,195,57
45401,宮崎県 高鍋町,22522,743,194
45402,宮崎県 新富町,18608,541,98
45403,宮崎県 西米良村,1307,19,2
45404,宮崎県 木城町,5531,132,46
45405,宮崎県 川南町,17323,530,100
45406,宮崎県 都農町,11811,427,51
45421,宮崎県 門川町,19207,693,141
45429,宮崎県 諸塚村,2119,22,7
45430,宮崎県 椎葉村,3478,45,8
45431,宮崎県 美郷町,6874,120,24
45441,宮崎県 高千穂町,14778,273,34
45442,宮崎県 日之影町,5031,85,17
45443,宮崎県 五ヶ瀬町,4812,78,14
46201,鹿児島県 鹿児島市,604367,24683,7090
46203,鹿児島県 鹿屋市,106208,3516,849
46204,鹿児島県 枕崎市,25150,791,132
46206,鹿児島県 阿久根市,25072,770,181
46208,鹿児島県 出水市,57907,1811,382
46210,鹿児島県 指宿市,46822,1382,285
46213,鹿児島県 西之表市,18198,473,120
46214,鹿児島県 垂水市,18928,585,128
46215,鹿児島県 薩摩川内市,102370,2851,648
46216,鹿児島県 日置市,52411,1587,269
46217,鹿児島県 曽於市,42287,1267,152
46218,鹿児島県 霧島市,127309,3908,1464
46219,鹿児島県 いちき串木野市,32993,1079,215
46220,鹿児島県 南さつま市,41677,1012,200
46221,鹿児島県 志布志市,34770,900,297
46222,鹿児島県 奄美市,49617,2580,348
46223,鹿児島県 南九州市,42191,975,170
46224,鹿児島県 伊佐市,31499,930,199
46225,鹿児島県 姶良市,74840,2399,694
46303,鹿児島県 三島村,462,1,0
46304,鹿児島県 十島村,673,8,0
46392,鹿児島県 さつま町,25688,574,121
46404,鹿児島県 長島町,11958,284,26
46452,鹿児島県 湧水町,12566,360,67
46468,鹿児島県 大崎町,15303,440,78
46482,鹿児島県 東串良町,7122,186,34
46490,鹿児島県 錦江町,10015,247,36
46491,鹿児島県 南大隅町,9897,265,19
46492,鹿児島県 肝付町,18307,620,127
46501,鹿児島県 中種子町,9194,233,66
46502,鹿児島県 南種子町,6751,172,38
46505,鹿児島県 屋久島町,13761,418,79
46523,鹿児島県 大和村,2013,99,8
46524,鹿児島県 宇検村,2048,46,5
46525,鹿児島県 瀬戸内町,10782,484,66
46527,鹿児島県 龍郷町,6002,203,36
46529,鹿児島県 喜界町,8572,159,29
46530,鹿児島県 徳之島町,12892,463,89
46531,鹿児島県 天城町,7020,246,36
46532,鹿児島県 伊仙町,7255,334,43
46533,鹿児島県 和泊町,7436,129,39
46534,鹿児島県 知名町,7115,190,38
46535,鹿児島県 与論町,5731,94,29
47201,沖縄県 那覇市,312393,17053,5722
47205,沖縄県 宜野湾市,89769,5115,1251
47207,沖縄県 石垣市,45183,1612,720
47208,沖縄県 浦添市,106049,6133,1336
47209,沖縄県 名護市,59463,3423,786
47210,沖縄県 糸満市,55816,3111,748
47211,沖縄県 沖縄市,126400,7683,2023
47212,沖縄県 豊見城市,52516,2891,570
47213,沖縄県 うるま市,113535,7447,1277
47214,沖縄県 宮古島市,53493,2593,645
47215,沖縄県 南城市,39651,2146,283
47301,沖縄県 国頭村,5546,286,65
47302,沖縄県 大宜味村,3371,198,22
47303,沖縄県 東村,1825,133,23
47306,沖縄県 今帰仁村,9476,584,85
47308,沖縄県 本部町,14383,1108,173
47311,沖縄県 恩納村,9635,392,188
47313,沖縄県 宜野座村,5042,180,50
47314,沖縄県 金武町,10619,591,111
47315,沖縄県 伊江村,5110,350,14
47324,沖縄県 読谷村,37306,2116,414
47325,沖縄県 嘉手納町,13629,1034,169
47326,沖縄県 北谷町,26848,1344,711
47327,沖縄県 北中城村,15790,1000,139
47328,沖縄県 中城村,15798,985,186
47329,沖縄県 西原町,33733,1527,464
47348,沖縄県 与那原町,15343,811,188
47350,沖縄県 南風原町,33537,1424,448
47353,沖縄県 渡嘉敷村,790,19,2
47354,沖縄県 座間味村,1077,21,1
47355,沖縄県 粟国村,936,49,7
47356,沖縄県 渡名喜村,531,21,1
47357,沖縄県 南大東村,1448,34,7
47358,沖縄県 北大東村,588,8,0
47359,沖縄県 伊平屋村,1547,69,3
47360,沖縄県 伊是名村,1762,71,10
47361,沖縄県 久米島町,9177,530,58
47362,沖縄県 八重瀬町,25121,1145,245
47375,沖縄県 多良間村,1370,32,11
47381,沖縄県 竹富町,4192,72,55
47382,沖縄県 与那国町,1796,31,18