customerID,Churn,Prediction
0708-LGSMF,0,0.3900261073
4560-WQAQW,0,0.0416687506
3815-SLMEF,1,0.2254296702
9025-AOMKI,1,0.7768556438
2466-NEJOJ,0,0.0872434828
1271-SJBGZ,1,0.5083492899
2792-VPPET,0,0.1978375778
9170-CCKOU,1,0.2971247772
6961-VCPMC,1,0.4325202947
1453-RZFON,0,0.3960881139
5380-WJKOV,1,0.5740330197
6248-BSHKG,0,0.0130941652
0621-JFHOL,0,0.0815256093
8622-ZLFKO,0,0.7441748823
7695-PKLCZ,0,0.0063860896
6469-QJKZW,0,0.1523400698
1848-LBZHY,0,0.2353207254
9298-WGMRW,0,0.0586940484
9055-MOJJJ,0,0.0189733528
5921-NGYRH,0,0.1277674972
6440-DKQGE,0,0.0552457773
6356-ELRKD,1,0.8947880587
6281-FKEWS,0,0.2278864292
3043-TYBNO,0,0.2395469467
1169-SAOCL,0,0.2105174865
7530-HDYDS,1,0.1822468818
4592-IWTJI,1,0.2744116445
8785-CJSHH,0,0.4640054632
1502-XFCVR,1,0.1608989624
0396-YCHWO,0,0.5947580498
4987-GQWPO,0,0.2399901198
0533-BNWKF,1,0.3806547919
0970-ETWGE,1,0.9160471856
5906-CVLHP,1,0.0349157733
1837-YQUCE,0,0.0375670748
3317-HRTNN,1,0.6633018439
4458-KVRBJ,0,0.0099307577
0531-XBKMM,0,0.0098949946
3649-JPUGY,0,0.0287539383
9308-ANMVE,0,0.0909951479
9332-GYWLO,0,0.3342330234
0898-XCGTF,0,0.2420890057
3055-OYMSE,0,0.2323432933
3262-EIDHV,0,0.0159595892
4529-CKBCL,1,0.7308070148
5961-VUSRV,0,0.065206594
4098-NAUKP,0,0.3017321319
3766-EJLFL,0,0.0664673657
9060-HJJRW,0,0.1361622249
3280-NMUVX,0,0.023071243
6656-GULJQ,0,0.0212841091
5480-HPRRX,1,0.5050057599
7860-KSUGX,0,0.0098636975
0379-DJQHR,0,0.0142108723
1093-YSWCA,0,0.0205757232
3030-ZKIWL,0,0.2670869816
1481-ZUWZA,1,0.3729408437
8550-XSXUQ,0,0.0897480271
1357-MVDOZ,0,0.2901671548
3351-NGXYI,0,0.357471158
8980-WQFWL,0,0.2207419186
2070-XYMFH,0,0.4657619735
4184-TJFAN,1,0.5312112904
0769-MURVM,0,0.0202386864
2359-QWQUL,1,0.1445253046
4021-RQSNY,1,0.6949855469
0599-XNYDO,0,0.3655008127
8397-MVTAZ,1,0.6017502832
4648-YPBTM,0,0.0354005994
5868-YTYKS,0,0.3118005379
5760-WRAHC,0,0.1623413112
4525-VZCZG,0,0.1217495583
2024-BASKD,1,0.7790504065
3771-PZOBW,0,0.5066598659
6402-SSEJG,0,0.1745113174
3948-KXDUF,0,0.0112822589
2061-VVFST,0,0.0576854506
8922-LIEGH,1,0.6272224901
8069-YQQAJ,0,0.2825095716
9050-IKDZA,0,0.6144142821
5804-JMYIO,0,0.0101964489
6147-CBCRA,0,0.0515373025
4547-LYTDD,1,0.5002145332
7580-UGXNC,1,0.2328337352
6584-VQMYT,0,0.0303749495
1385-TQOZW,0,0.1254152929
0899-LIIBW,0,0.5162237202
9847-HNVGP,0,0.033422338
7008-LZVOZ,0,0.0119015441
3026-ATZYV,0,0.0616042753
8780-RSYYU,0,0.0864881872
7526-BEZQB,1,0.7476903914
7919-ZODZZ,0,0.1390558501
7501-IWUNG,0,0.0294412712
8219-VYBVI,0,0.0132159297
5393-RXQSZ,1,0.8460737573
2931-XIQBR,0,0.093566637
2091-RFFBA,1,0.5363063728
2144-BFDSO,0,0.3696681356
1092-GANHU,1,0.436830265
5751-USDBL,0,0.0164941361
1757-TCATG,0,0.0242105146
7609-NRNCA,0,0.0359096858
5519-YLDGW,1,0.6270651969
7975-JMZNT,0,0.0198489986
5447-WZAFP,0,0.1567118146
3071-VBYPO,0,0.5286442829
1723-HKXJQ,1,0.531349185
5515-AKOAJ,1,0.4375635152
5577-OTWWW,1,0.0878135345
3823-KYNQY,0,0.057562254
9058-HRZSV,0,0.2051881701
9786-YWNHU,0,0.0062295348
5498-TXHLF,1,0.4330498113
2604-XVDAM,0,0.1879326441
9137-NOQKA,0,0.2178221935
5339-PXDVH,0,0.6451794095
6900-RBKER,0,0.104191434
3845-JHAMY,0,0.3722421723
2616-FLVQC,0,0.0069146678
9746-YKGXB,0,0.0655152149
1679-JRFBR,0,0.1319349949
5960-WPXQM,1,0.8842051319
5063-IUOKK,0,0.0180313636
3374-TTZTK,0,0.0784314475
7009-PCARS,0,0.0186277995
3239-TPHPZ,0,0.0401412213
1596-BBVTG,1,0.2703702775
8815-LMFLX,0,0.1210998838
0575-CUQOV,0,0.2523815302
2351-BKRZW,0,0.0289480127
2615-YVMYX,0,0.402484448
1697-NVVGY,0,0.1900336969
6897-UUBNU,0,0.2005298318
2923-ARZLG,0,0.0003602363
0640-YJTPY,0,0.0054383484
8914-RBTSB,1,0.4307157833
5469-CTCWN,1,0.2019822831
3173-WSSUE,0,0.005913994
0618-XWMSS,1,0.234511609
6505-OZNPG,0,0.136857324
2669-QVCRG,0,0.2649551562
5399-ZIMKF,0,0.5693101314
9626-VFRGG,0,0.3859554507
3932-IJWDZ,0,0.4113059062
9046-JBFWA,0,0.0518426866
0036-IHMOT,0,0.1312897339
0547-HURJB,0,0.0715900814
8194-PEEBY,0,0.026058294
5846-ABOBJ,0,0.0099362502
2279-AXJJK,0,0.2590525295
6142-VSJQO,1,0.5928480164
5022-KVDQT,0,0.4606685194
4672-FOTSD,0,0.2385095416
7813-ZGGAW,0,0.4575022081
2320-TZRRH,0,0.0324366672
8981-FJGLA,0,0.488499827
5774-QPLTF,0,0.0226095049
0310-MVLET,1,0.4374532672
5331-RGMTT,0,0.4814047241
8746-BFOAJ,0,0.0443455561
9135-HSWOC,0,0.0103214822
7660-HDPJV,1,0.8477167343
8224-UAXBZ,0,0.1065515034
3160-TYXLT,0,0.1645073533
2235-DWLJU,0,0.7229176427
7663-RGWBC,1,0.5621327645
7173-TETGO,0,0.0438119485
7032-LMBHI,0,0.0782022731
9548-ZMVTX,0,0.0243968164
9722-UJOJR,1,0.3435938647
0851-DFJKB,0,0.1299141278
0362-ZBZWJ,1,0.510821006
1960-UOTYM,0,0.0287671957
1980-KXVPM,1,0.6998280024
0278-YXOOG,1,0.092368388
2478-EEWWM,0,0.3350858774
7940-UQQUG,0,0.1378096908
0336-PIKEI,0,0.0108510785
7845-URHJN,1,0.1078266174
8944-AILEF,0,0.1045308411
5038-ETMLM,0,0.0597033244
2984-RGEYA,0,0.0069583529
7696-AMHOD,0,0.0537714921
0366-NQSHS,0,0.1184233004
8510-BBWMU,0,0.0300286341
1557-EMYVT,0,0.0700310875
8327-LZKAS,1,0.367585047
0813-TAXXS,0,0.0629178562
7663-CUXZB,0,0.07430199
3978-YNKDD,0,0.0136406808
6050-IJRHS,0,0.2194000268
0019-EFAEP,0,0.051260202
4190-MFLUW,1,0.1341210643
6394-MFYNG,1,0.4391131187
0206-TBWLC,0,0.1432008343
4565-EVZMJ,0,0.0257786581
3946-JEWRQ,0,0.2712112249
5707-ORNDZ,1,0.3376192573
2386-OWURY,0,0.3136235924
3170-NMYVV,0,0.0099533438
2205-YMZZJ,1,0.7900634244
6317-YPKDH,1,0.629545169
7636-OWBPG,0,0.3692397774
5133-POWUA,0,0.5562277619
3397-AVTKU,0,0.0480312798
1539-LNKHM,0,0.0764119319
0524-IAVZO,1,0.5555281403
0817-HSUSE,0,0.7580908925
5206-HPJKM,0,0.1374637478
8473-VUVJN,1,0.9166329867
7243-LCGGZ,0,0.2664820692
4430-UZIPO,1,0.3207255091
9919-YLNNG,0,0.3145358738
7594-RQHXR,1,0.877275321
7632-YUTXB,0,0.0256952408
5827-MWCZK,0,0.2237412715
7446-YPODE,0,0.2437958291
2186-QZEYA,0,0.2070963859
0436-TWFFZ,0,0.0261877317
1508-DFXCU,0,0.5824703536
9076-AXYIK,0,0.1202779293
0742-LAFQK,0,0.0670313722
9576-ANLXO,1,0.5696107437
0487-CRLZF,0,0.0390562737
5995-WWKKG,0,0.0488832159
7297-DVYGA,0,0.0298768377
9938-TKDGL,0,0.0560959377
2454-RPBRZ,1,0.7254830606
9185-TQCVP,1,0.6727698565
8085-MSNLK,0,0.047532629
7634-HLQJR,0,0.0088928686
9248-OJYKK,1,0.9128822523
6210-KBBPI,1,0.7468197655
6402-ZFPPI,1,0.5394206723
1403-LKLIK,0,0.0229128977
6910-HADCM,1,0.7917191771
0481-SUMCB,0,0.3537696715
5419-CONWX,1,0.7233234516
8952-WCVCD,0,0.1841058137
0909-SDHNU,0,0.225221006
9500-LTVBP,0,0.2239260595
7636-PEPNS,0,0.0389041977
8207-VVMYB,0,0.0132744436
3754-DXMRT,1,0.4690655332
2519-FAKOD,1,0.4917846516
1099-BTKWT,0,0.1297003904
9029-FEGVJ,0,0.338894136
3518-FSTWG,0,0.0939819563
4318-RAJVY,0,0.0574990275
8007-YYPWD,0,0.030246169
8182-BJDSI,1,0.536403727
3811-VBYBZ,1,0.7887912502
0971-QIFJK,0,0.01085521
4227-OJHAL,0,0.0457308595
1891-QRQSA,0,0.0865402814
3521-SYVOR,1,0.287987195
7319-ZNRTR,0,0.0410822129
4290-BSXUX,1,0.6044257884
8229-MYEJZ,0,0.2272813306
4378-MYPGO,0,0.0504779736
3138-BKYAV,1,0.6380527882
1222-LRYKO,0,0.1171938825
2558-BUOZZ,0,0.1262767155
8541-QVFKM,0,0.6628951851
5150-ITWWB,0,0.8701737877
6302-JGYRJ,1,0.1078872275
8445-DNBAE,0,0.7337287214
5229-PRWKT,1,0.7269700613
6609-MXJHJ,0,0.0228266817
2933-FILNV,1,0.4255344344
8591-NXRCV,0,0.1491733142
8755-IWJHN,0,0.3308831883
7278-CKDNC,0,0.5284574487
4138-NAXED,0,0.2166580926
5820-PTRYM,0,0.0456022779
2194-IIQOF,0,0.0171892308
2267-FPIMA,0,0.2741505506
9795-VOWON,0,0.2230343815
0080-OROZO,0,0.2563128811
8752-STIVR,1,0.6984484603
5277-ZLOOR,1,0.8419544885
7244-QWYHG,0,0.0788098874
7495-OOKFY,1,0.6194100595
4293-ETKAP,0,0.0376004402
6275-YDUVO,1,0.6292838946
9732-OUYRN,0,0.0213599937
1934-SJVJK,1,0.2659061292
2954-PIBKO,0,0.0138185948
7005-CYUIL,0,0.0495450711
9498-FIMXL,0,0.0626026764
8824-RWFXJ,1,0.2514287676
3413-DHLPB,0,0.3126540201
7868-TMWMZ,0,0.0668088282
9143-CANJF,0,0.0944374249
0799-DDIHE,0,0.1989960591
4187-CINZD,1,0.1777576102
1074-WVEVG,0,0.0150390723
6000-APYLU,1,0.6222710261
3097-NNSPB,1,0.3102823653
4572-DVCGN,1,0.5520225881
7595-EUIVN,1,0.7803631
3703-TTEPD,0,0.1395249743
6242-MBHPK,0,0.5706234281
5569-IDSEY,0,0.1862744079
4423-JWZJN,0,0.1101211028
4231-LZUYM,0,0.0088405957
1157-BQCUW,1,0.8910348139
9693-XMUOB,0,0.3705746806
4827-LTQRJ,0,0.1404885974
5298-GSTLM,0,0.2403875158
4536-PLEQY,0,0.4766167372
6967-QIQRV,0,0.2180152477
6177-PEVRA,0,0.0124151855
5740-YHGTW,0,0.1791189652
2307-FYNNL,0,0.1191306563
2380-DAMQP,0,0.0550875502
9907-SWKKF,1,0.668937034
7890-VYYWG,1,0.5684815752
5913-INRQV,0,0.1021734772
5549-ZGHFB,0,0.0110871308
4652-NNHNY,1,0.5033078476
6728-WYQBC,0,0.2946338033
0327-WFZSY,0,0.2947693476
2237-ZFSMY,1,0.1443104211
8039-EQPIM,0,0.0272910301
6362-QHAFM,0,0.2990485164
1010-DIAUQ,1,0.6075630812
6372-RFVNS,1,0.8534099428
6689-KXGBO,1,0.5719779063
2905-KFQUV,0,0.5640508646
3748-FVMZZ,0,0.5268754671
6407-UTSLV,0,0.7182600244
3092-IGHWF,1,0.0944830499
9867-XOBQA,0,0.0366979858
6516-NKQBO,0,0.0205814326
5091-HFAZW,0,0.6529943969
5622-UEJFI,0,0.0213468466
7693-QPEFS,0,0.3647395599
0390-DCFDQ,1,0.8250233827
5501-TVMGM,0,0.7405726011
2656-TABEH,1,0.8184294775
4931-TRZWN,0,0.3716982669
4012-YCFAI,0,0.0095607124
6339-RZCBJ,0,0.0230967285
0174-QRVVY,0,0.0076200603
2249-YPRNG,1,0.5831416172
8128-YVJRG,1,0.499184314
3683-QKIUE,1,0.2391991876
4452-ROHMO,0,0.0175912844
8062-YBDOE,1,0.8752480388
9448-REEVD,1,0.4983336189
1137-DGOWI,0,0.0540218754
5846-QFDFI,0,0.2037722447
3541-ZNUHK,0,0.2530768446
6674-KVJHG,0,0.0869990257
5956-YHHRX,0,0.7131963401
0929-PECLO,0,0.3881334125
4795-UXVCJ,0,0.0294635167
4134-BSXLX,0,0.0532941856
4201-JMNGR,1,0.6696684888
0603-TPMIB,0,0.009342573
1140-UKVZG,0,0.0977106364
6726-NNFWD,0,0.043908072
9101-NTIXF,0,0.1168856601
2324-AALNO,0,0.0312139326
1307-TVUFB,0,0.3799951522
2560-QTSBS,0,0.024962127
6979-ZNSFF,1,0.7210171891
6425-YQLLO,1,0.2016894149
1628-BIZYP,0,0.8747352134
8111-SLLHI,1,0.6170075061
7851-WZEKY,1,0.8564368145
8718-PTMEZ,1,0.3987337053
5995-OIGLP,1,0.094982338
0691-NIKRI,0,0.2418766014
0361-HJRDX,0,0.0226275899
7851-FLGGQ,1,0.6949969949
8566-YPRGL,0,0.3522922531
5975-BAICR,0,0.0599772118
4307-KTUMW,1,0.2893301455
4828-FAZPK,0,0.4366369541
2831-EBWRN,0,0.3614352519
8930-XOTDP,0,0.1620139646
6789-HJBWG,0,0.2749542643
2320-YKQBO,0,0.0967176826
5465-BUBFA,0,0.012125881
6005-OBZPH,1,0.6199801993
7841-FCRQD,0,0.04623644
5799-JRCZO,0,0.0070016634
9891-NQDBD,0,0.0388457713
1218-VKFPE,1,0.0771763295
9279-CJEOJ,0,0.6826503849
2812-REYAT,0,0.0314498292
7089-XXAYG,0,0.1854837082
7389-KBFIT,0,0.3947448432
7251-LJBQN,0,0.3038075632
3705-PSNGL,1,0.0390165338
2085-BOJKI,0,0.3559713159
3108-PCCGG,0,0.0269833143
4526-RMTLL,0,0.0718779371
0506-YLVKJ,0,0.0116743854
6551-VLJMV,0,0.0122146939
5996-EBTKM,0,0.028772099
2521-NPUZR,0,0.0187803296
3524-WQDSG,0,0.4798467196
0191-ZHSKZ,0,0.2934188076
5759-RCVCB,1,0.434196474
2400-XIWIO,0,0.0247579539
5701-SVCWR,0,0.3432156674
1396-QWFBJ,1,0.3226214199
0701-RFGFI,0,0.4515982951
5651-WYIPH,0,0.2205079315
3982-DQLUS,0,0.2540999067
5204-QZXPU,1,0.4517929287
1722-LDZJS,0,0.0159997908
1699-UOTXU,0,0.0136713341
0513-RBGPE,0,0.0242328608
3545-CNWRG,0,0.4983364655
7729-JTEEC,0,0.3834912941
1106-HRLKZ,0,0.0097075359
3810-DVDQQ,0,0.0524969124
3407-JMJQQ,0,0.0755647242
3049-NDXFL,1,0.847313587
1740-CSDJP,1,0.7863991671
2754-SDJRD,0,0.7181826693
4807-IZYOZ,0,0.0101321776
5872-OEQNH,0,0.1093294915
6898-MDLZW,0,0.1541438608
9581-GVBXT,0,0.036126827
9392-XBGTD,0,0.0110985918
5678-VFNEQ,0,0.1522251264
3445-HXXGF,1,0.2973456356
3716-BDVDB,1,0.8435923751
3009-JWMPU,1,0.2863999774
2038-LLMLM,0,0.4706649902
2522-WLNSF,0,0.0720024523
6202-DYYFX,0,0.2451842642
8066-POXGX,1,0.507095115
3178-CIFOT,0,0.0432194746
9494-BDNNC,0,0.1461756847
9696-RMYBA,0,0.5680613059
1131-QQZEB,0,0.0130157869
5986-WWXDV,0,0.0235814307
0420-BWTPW,1,0.2565988546
7703-ZEKEF,1,0.4876191262
8204-TIFGJ,0,0.0959287329
7823-JSOAG,0,0.652194488
5232-NXPAY,0,0.0249123901
2796-NNUFI,0,0.0122129579
6032-IGALN,1,0.6815773332
4487-ZYJZK,0,0.0222955199
6656-JWRQX,0,0.5395590712
1183-CANVH,0,0.0727263021
0375-HVGXO,1,0.8309426563
5018-LXQQG,0,0.0870236354
0820-FNRNX,0,0.1716207474
4086-ATNFV,0,0.0378981264
8761-NSOBC,1,0.2823047674
5296-BFCYD,0,0.0116580347
6630-UJZMY,0,0.8298661278
7551-DACSP,1,0.2210209884
6419-ZTTLE,0,0.0749286952
7047-YXDMZ,0,0.0620544938
8563-OYMQY,0,0.40005686
1163-VIPRI,0,0.0648863393
8735-IJJEG,0,0.157778162
7923-IYJWY,0,0.0748048862
5850-BDWCY,0,0.0954000894
2900-PHPLN,0,0.0120113124
0516-UXRMT,0,0.1195798961
2030-BTZRO,0,0.0304266062
1474-JUWSM,0,0.0762936692
6741-EGCBI,0,0.4506381343
4878-BUNFV,0,0.008850501
4818-QIUFN,1,0.5412363066
7595-EHCDL,0,0.2568212249
0201-MIBOL,0,0.1209660147
3727-OVPRY,0,0.0237935611
9169-BSVIN,0,0.4098958943
3148-BLQJT,1,0.2664851116
9513-DXHDA,0,0.0786111029
2739-CCZMB,0,0.0899191501
2234-EOFPT,0,0.0161893475
3077-RSNTJ,0,0.0917598532
5382-SOYZL,0,0.6672816491
0716-BQNDX,0,0.0758124818
9430-NKQLY,0,0.0099174595
3308-JSGML,0,0.0488107836
4607-CHPCA,1,0.3443481473
8413-YNHNV,0,0.0156044351
7921-BEPCI,0,0.0127006196
1792-UXAFY,1,0.5795032454
1265-XTECC,1,0.1382292686
6483-OATDN,0,0.1841687989
9408-HRXRK,0,0.4447655129
6175-IRFIT,0,0.4897971393
0129-KPTWJ,0,0.2998374179
0377-JBKKT,0,0.0833623231
3567-PQTSO,0,0.2807237669
2452-SNHFZ,0,0.1310917421
5668-MEISB,0,0.0236581385
0464-WJTKO,0,0.0058378471
6685-XSHHU,0,0.010345954
8992-CEUEN,0,0.3815809034
9944-AEXBM,0,0.4647222982
1724-BQUHA,1,0.7917937177
5968-HYJRZ,0,0.0119049018
1705-GUHPV,0,0.0096528257
7159-NOKYQ,0,0.1044521594
7615-ESMYF,1,0.6474539881
8161-QYMTT,0,0.7998411682
1998-VHJHK,0,0.0286299395
1552-TKMXS,0,0.0456836672
7560-QRBXH,0,0.0171603761
7321-PKUYW,1,0.5555827104
0461-CVKMU,1,0.235661464
3376-BMGFE,1,0.5476579044
5879-HMFFH,0,0.0177238284
5575-GNVDE,0,0.0309471229
1832-PEUTS,0,0.08079613
7110-BDTWG,0,0.045308382
2675-OTVVJ,0,0.4570986663
7384-GHBPI,1,0.6119361208
7682-AZNDK,0,0.366228493
3001-CBHLQ,1,0.6134117913
9822-WMWVG,0,0.3278005379
9194-GFVOI,0,0.033579469
0619-OLYUR,0,0.0534503138
5686-CMAWK,0,0.2285819843
7296-PIXQY,0,0.3830744167
2674-MIAHT,0,0.5907433421
7361-YPXFS,0,0.1534118899
2830-LEWOA,0,0.0754425097
9600-NAXZN,1,0.5233122249
1345-ZUKID,0,0.0353920301
3324-OIRTO,0,0.0947337945
3192-NQECA,1,0.0826547565
4006-HKYHO,0,0.0192550331
9863-JZAIC,1,0.1136697314
6633-SYEUS,0,0.2012606386
0562-HKHML,0,0.0082717978
2079-FBMZK,1,0.4797417665
7608-RGIRO,0,0.0124747628
7009-LGECI,0,0.2554604736
8597-CTXVJ,0,0.0189054773
5349-IECLD,1,0.7300173123
0757-WCUUZ,0,0.0308842497
6242-FEGFD,0,0.0205890959
5248-YGIJN,0,0.0209107843
3345-JHUEO,0,0.2029874485
8469-SNFFH,0,0.0284990475
2582-FFFZR,0,0.5171062458
1015-JPFYW,0,0.0415228634
5351-QESIO,0,0.5782486099
3177-LASXD,1,0.7936517036
8270-RKSAP,0,0.5409513828
2999-AANRQ,0,0.0225483139
2123-VSCOT,0,0.0316933225
9921-EZKBY,0,0.3584543338
4422-QVIJA,0,0.121161972
4439-YRNVD,0,0.2814657004
9633-DENPU,0,0.1473475319
7520-HQWJU,0,0.0769364836
8096-LOIST,0,0.3095062948
1370-GGAWX,0,0.2684551749
0419-YAAPX,0,0.2472444451
2190-BCXEC,0,0.2789404844
0895-LNKRC,0,0.0438021285
4730-AWNAU,0,0.076819616
0011-IGKFF,1,0.7018921404
5915-ANOEI,0,0.0118744216
8970-ANWXO,0,0.1602933322
2025-JKFWI,1,0.5845355516
1488-SYSFC,0,0.0909171705
8739-QOTTN,0,0.119504476
1596-OQSPS,0,0.2188049907
7733-UDMTP,0,0.37675102
6331-LWDTQ,1,0.470650406
0082-LDZUE,0,0.5617672147
4315-MURBD,1,0.4828396287
8903-WMRNW,0,0.474216767
3774-VBNXY,0,0.0062644687
7395-IGJOS,1,0.4568565971
9995-HOTOH,0,0.0434169975
5602-BVFMK,0,0.0400762321
6874-SGLHU,0,0.2521803977
3118-UHVVQ,0,0.008936161
7136-RVDTZ,1,0.1917791777
7351-KYHQH,0,0.4645701376
1699-HPSBG,1,0.1646516636
9227-LUNBG,1,0.7067239106
4361-BKAXE,1,0.3607122893
8450-JOVAH,1,0.2520769991
7254-IQWOZ,1,0.8423240706
4115-BNPJY,0,0.0315813778
9906-NHHVC,0,0.0843153475
5996-DAOQL,0,0.3320148468
4043-MKDTV,0,0.0672422711
6260-ONULR,0,0.7354263558
8421-WZOOW,0,0.1994684206
3393-FMZPV,1,0.6426612401
8158-WPEZG,0,0.3332088022
3780-DDGSE,0,0.2429341551
4609-KNNWG,0,0.0123262439
4140-MUHUG,1,0.7610187061
4929-BSTRX,1,0.6583669857
1785-BPHTP,0,0.3450596133
5701-GUXDC,0,0.0785809496
2748-MYRVK,1,0.1689616286
4396-KLSEH,0,0.2047435176
6827-IEAUQ,0,0.0237292323
7074-STDCN,0,0.2771754885
2455-USLMV,0,0.3027935366
4248-HCETZ,1,0.303044826
8182-PNAGI,1,0.1427473507
0928-JMXNP,0,0.56985266
6050-FFXES,0,0.0666940338
9019-QVLZD,1,0.848901847
0784-GTUUK,0,0.0301470234
5493-SDRDQ,1,0.2491745074
1101-SSWAG,0,0.3706544925
7895-VONWT,0,0.4943958012
5898-IGSLP,0,0.2343813422
9814-AOUDH,0,0.0088866397
5199-FPUSP,0,0.047380828
4208-UFFGW,1,0.2914888698
1626-ERCMM,1,0.7451227495
2153-MREFK,1,0.2200375564
9386-LDCZR,0,0.0626600666
6907-FLBER,0,0.6722190974
5959-BELXA,1,0.5842402089
9488-HGMJH,1,0.8758383634
5858-EAFCZ,0,0.4786553499
7207-RMRDB,1,0.4028920255
3834-XUIFC,1,0.6448901975
6040-CGACY,0,0.0753100161
4012-ZTHBR,0,0.2245686641
1641-RQDAY,0,0.6419360048
9504-YAZWB,0,0.0083047881
3275-RHRNE,0,0.1452373132
4922-CVPDX,0,0.067954471
7427-AUFPY,0,0.0088770906
9578-FOMUK,0,0.1849453242
2252-ISRNH,0,0.5175683115
6353-BRMMA,0,0.3404467329
4608-LCIMN,0,0.1951801589
9993-LHIEB,0,0.0086889186
5989-AXPUC,0,0.0406647182
7157-SMCFK,0,0.0067379945
1728-BQDMA,0,0.3364814975
9867-JCZSP,0,0.0290548115
1866-ZSLJM,0,0.0646391759
6608-QQLVK,1,0.660179855
1347-KTTTA,0,0.1074789168
4632-XJMEX,0,0.0144239675
8992-OBVDG,0,0.1495858816
8782-LKFPK,0,0.3559627405
1813-JLKWR,0,0.0152677803
7435-ZNUYY,0,0.0445283792
8714-CTZJW,0,0.6163636472
5995-SNNEW,0,0.7157573293
1624-NALOJ,1,0.7890632955
1336-EZFZY,0,0.1038191536
0924-BJCRC,0,0.3756977005
4910-AQFFX,1,0.5653303334
0761-AETCS,1,0.3789181934
8883-ANODQ,0,0.0495795885
2387-KDZQY,0,0.0463545755
4307-KWMXE,0,0.274278101
2311-QYMUQ,1,0.4054989554
5980-BDHPY,0,0.024522852
2055-PDADH,1,0.6928346817
8672-OAUPW,0,0.0243465824
6402-EJMWF,0,0.3486278408
0231-LXVAP,1,0.7978417807
8854-CCVSQ,1,0.5152147276
8731-WBBMB,0,0.1564967971
2867-UIMSS,1,0.8438891536
0581-MDMPW,0,0.492766853
9348-ROUAI,0,0.0199828799
6828-HMKWP,0,0.0191265566
4106-HADHQ,1,0.0412297645
4847-TAJYI,0,0.787951939
6087-MVHJH,1,0.6508757844
8630-QSGXK,0,0.0562686347
4634-JLRJT,0,0.3404673175
3096-WPXBT,0,0.114038328
4199-QHJNM,0,0.0829544165
8050-DVOJX,0,0.0232416201
4080-IIARD,0,0.3111024995
4735-BJKOU,0,0.0105188847
0365-GXEZS,0,0.298686092
3990-QYKBE,1,0.6648668344
6982-SSHFK,1,0.4788350163
5196-SGOAK,1,0.8321505025
4130-MZLCC,0,0.2231325241
3164-YAXFY,0,0.2706946705
0843-WTBXE,1,0.2873704601
6064-PUPMC,0,0.0295533451
2568-BRGYX,1,0.612344993
7228-OMTPN,1,0.7603352466
3776-EKTKM,1,0.8639856006
9732-KPKBW,1,0.5399603659
9231-ZJYAM,1,0.7542665832
9445-SZLCH,1,0.3954169179
6968-GMKPR,0,0.231252544
1750-CSKKM,1,0.2989591592
3195-TQDZX,0,0.2057804689
9282-IZGQK,1,0.9238705355
7083-MIOPC,0,0.0054342361
1264-BYWMS,1,0.4903531942
4450-YOOHP,0,0.3231587292
3934-HXCFZ,1,0.5013748218
1162-ECVII,0,0.0930372604
7587-RZNME,1,0.3899613873
0621-TWIEM,1,0.3091285987
6421-SZVEM,0,0.1785901003
2259-OUUSZ,0,0.1715142057
9122-UMROB,0,0.2642993133
0999-QXNSA,0,0.270634428
3212-KXOCR,0,0.0092160002
1379-FRVEB,0,0.5922945104
1356-MKYSK,0,0.2364690274
1251-KRREG,1,0.385491332
2359-KMGLI,1,0.4712865509
8750-QWZAJ,0,0.006833058
4139-DETXS,0,0.0206117704
5380-XPJNZ,0,0.0228937155
9079-YEXQJ,1,0.3302017857
3926-YZVVX,0,0.0350147629
9488-FYQAU,0,0.0947100898
7277-OZCGZ,0,0.3649666709
0774-RMNUW,0,0.023004292
5732-IKGQH,0,0.1550315639
6603-QWSPR,0,0.0851073695
6870-ECSHE,0,0.0580532695
5309-TAIKL,0,0.2439025104
7551-JOHTI,1,0.2807494245
0031-PVLZI,1,0.096714064
6734-PSBAW,0,0.0128316406
3714-JTVOV,1,0.2385800076
3896-RCYYE,0,0.182069165
4779-ZGICK,0,0.0118920404
2921-XWDJH,0,0.4168002485
3739-YBWAB,0,0.0582465463
2977-CEBSX,0,0.0255972808
4819-HJPIW,0,0.2181258918
1097-FSPVW,0,0.06176049
9172-JITSM,1,0.5283923712
7874-ECPQJ,0,0.1472223709
0318-QUUOB,1,0.8837932568
3588-WSTTJ,0,0.6061501815
8741-LQOBK,0,0.1027173205
9530-GRMJG,0,0.0407030417
6087-YPWHO,0,0.0080369479
2469-DTSGX,0,0.0867694578
4484-GLZOU,1,0.4927521055
7901-TBKJX,0,0.5520449145
9518-RWHZL,1,0.2104604753
2265-CYWIV,1,0.8421979766
8402-EIVQS,0,0.1001866848
7147-AYBAA,0,0.2367460124
1222-KJNZD,0,0.0660609838
5808-TOTXO,0,0.0707004622
5652-MSDEY,0,0.5286669917
4003-FUSHP,0,0.1850816504
3704-IEAXF,0,0.0253020266
9629-NHXFW,0,0.3355629158
5696-QURRL,1,0.5589998415
6736-DHUQI,0,0.0419544199
3623-FQBOX,0,0.0847352286
0356-ERHVT,0,0.2418896486
3398-ZOUAA,1,0.4901245474
8710-YGLWG,0,0.5596705126
9374-YOLBJ,0,0.3609039188
4859-ZSRDZ,0,0.0500114786
5339-TJFEK,0,0.3500799551
4616-EWBNJ,0,0.0406437054
1265-HVPZB,0,0.0295222759
2706-QZIHY,0,0.0257938147
3450-WXOAT,0,0.1027069619
9057-SIHCH,1,0.8417471114
2476-YGEFM,0,0.3756339462
5854-KSRBJ,0,0.0074320806
7797-EJMDP,0,0.1804305169
9050-QLROH,1,0.5268202845
9779-DPNEJ,0,0.4741177932
1428-IEDPR,0,0.1170983736
5318-IXUZF,1,0.6462745116
5939-XAIXZ,0,0.2396143348
7078-NVFAM,0,0.2228446635
9339-FIIJL,0,0.0218648285
7379-FNIUJ,0,0.6567937488
4351-QLCSU,1,0.6672426464
0212-ISBBF,0,0.4968475897
7511-YMXVQ,1,0.6214870809
5965-GGPRW,0,0.0520593342
5842-POCOP,1,0.5190265778
4011-ARPHK,0,0.0781719331
4128-ETESU,0,0.5325830289
5993-BQHEA,0,0.0384149808
8515-OCTJS,1,0.0207008051
2245-ADZFJ,0,0.0503295783
0404-SWRVG,1,0.7212546483
0330-IVZHA,1,0.5256793599
3727-RJMEO,1,0.7608675848
2996-XAUVF,0,0.0304997817
3891-PUQOD,1,0.6610476754
1087-UDSIH,1,0.1526164337
3528-HFRIQ,0,0.2680286247
9818-XQCUV,0,0.1165436055
4735-ASGMA,1,0.6500544256
4623-ZKHLY,0,0.0954217845
0654-PQKDW,0,0.0311929833
8709-KRDVL,0,0.5932687024
4676-MQUEA,0,0.1932818486
7017-VFHAY,0,0.0459619648
1122-JWTJW,1,0.7575179734
2056-EVGZL,0,0.0639990421
5049-GLYVG,1,0.2616773331
4816-LXZYW,1,0.4992628285
7394-LWLYN,0,0.6557651689
1301-LOPVR,0,0.0820008676
6127-IYJOZ,0,0.6219083645
4719-UMSIY,0,0.0882543995
0839-QNXME,0,0.0139483556
4893-GYUJU,0,0.0257528101
3606-TWKGI,1,0.7674522521
0052-YNYOT,0,0.0198129739
0520-FDVVT,1,0.2286269202
1447-PJGGA,1,0.1231181771
4626-OZDTJ,0,0.0966913277
8295-FHIVV,0,0.1230240879
2520-SGTTA,0,0.0001275281
3131-NWVFJ,0,0.0342497808
3744-ZRRDZ,1,0.4747110159
8573-CGOCC,0,0.0758643342
9251-WNSOD,0,0.0347989841
8659-HDIYE,0,0.1011005835
7055-JCGNI,0,0.0594110033
4682-BLBUC,0,0.0683214251
7850-THJMU,0,0.013731032
4826-XTSOH,1,0.9386814072
7641-TQFHN,0,0.0880944048
3282-ZISZV,0,0.083979621
9065-ZCPQX,0,0.0126349729
3669-WHAFY,0,0.0576353128
6928-ONTRW,0,0.0055278265
5605-XNWEN,0,0.0160610888
4039-PIMHX,0,0.020049596
8063-GBATB,1,0.6330749495
3070-FNFZQ,0,0.0154050161
0661-XEYAN,1,0.7344186974
2642-MAWLJ,0,0.0122158504
4919-IKATY,1,0.6055410738
3927-NLNRY,1,0.185965037
7762-URZQH,1,0.0834587609
9955-QOPOY,0,0.0772902863
0229-LFJAF,0,0.0090536628
9972-EWRJS,0,0.0101761986
5233-AOZUF,0,0.4802740557
5228-EXCET,1,0.5752891287
6502-KUGLL,0,0.0960787362
3798-EPWRR,0,0.3998850435
8908-NMQTX,0,0.0292960153
8044-BGWPI,0,0.132678654
8514-VZHEB,0,0.0070588938
6579-JPICP,0,0.2633556317
0750-EKNGL,0,0.088374622
2077-MPJQO,0,0.7253260847
7627-JKIAZ,1,0.3496178595
2410-CIYFZ,0,0.1034683351
1977-STDKI,1,0.8720866384
0936-NQLJU,0,0.0107212564
6284-AHOOQ,1,0.521840627
8280-MQRQN,1,0.5648922708
0997-YTLNY,0,0.0951862361
2791-SFVEW,0,0.0979353154
0980-FEXWF,0,0.0474011119
6374-NTQLP,0,0.0431075378
2595-KIWPV,0,0.0127483406
5666-CYCYZ,0,0.5143884964
2662-NNTDK,0,0.019632047
4737-AQCPU,0,0.0071392946
2434-EEVDB,0,0.0669982068
4877-TSOFF,0,0.0488233164
1550-EENBN,0,0.4582001124
4393-GEADV,0,0.0380879678
5950-AAAGJ,0,0.4775170982
3401-URHDA,0,0.0293846434
9239-GZHZE,0,0.053675446
2842-JTCCU,1,0.2707997346
8042-JVNFH,1,0.7700164318
0003-MKNFE,0,0.319093501
4135-FRWKJ,0,0.0630570059
4580-TMHJU,1,0.1384741865
1493-AMTIE,1,0.3745780227
0876-WDUUZ,1,0.5229401471
9625-QSTYE,1,0.4733921163
8752-IMQOS,0,0.0444493715
7169-YWAMK,0,0.0079659566
7549-MYGPK,1,0.2765987093
5397-NSKQG,0,0.0311567085
3074-GQWYX,1,0.6289051672
9844-FELAJ,0,0.2284221019
2799-TSLAG,0,0.0136761807
8901-UPRHR,0,0.068946011
0260-ZDLGK,1,0.3039003448
5057-RKGLH,0,0.0190715572
0655-RBDUG,1,0.7563869544
0848-SOMKO,0,0.019671487
6770-UAYGJ,0,0.0116897284
0754-EEBDC,0,0.0232972935
1343-EHPYB,1,0.4373064391
6185-TASNN,0,0.6450608827
9137-UIYPG,0,0.3362780841
1834-ABKHQ,0,0.0466608336
0685-MLYYM,1,0.6336822825
5419-JPRRN,1,0.9426460532
4673-KKSLS,0,0.1754593849
9470-YFUYI,0,0.0332702111
2342-CKIAO,0,0.1174229784
1193-RTSLK,1,0.1848576291
2724-FJDYW,0,0.1039801895
4513-CXYIX,0,0.0562809018
5095-ETBRJ,0,0.00839945
5515-RUGKN,0,0.3204089873
4568-KNYWR,0,0.0219210151
6128-AQBMT,0,0.448214298
1323-OOEPC,1,0.4111656736
6784-XYJAE,0,0.0921835479
8818-DOPVL,0,0.5915932585
8775-ERLNB,0,0.8888337123
5018-HEKFO,0,0.1604350171
3717-OFRTN,0,0.3068414853
4115-NZRKS,0,0.7851917466
3680-CTHUH,0,0.1259109703
7954-MLBUN,0,0.0887408025
8679-JOEVF,1,0.2610624457
1075-BGWOH,1,0.7706135672
0220-EBGCE,1,0.7203156775
0567-GGCAC,0,0.2016491695
2746-DIJLO,0,0.074565677
2234-XADUH,0,0.1530589781
7571-YXDAD,1,0.5901553474
0068-FIGTF,0,0.0683020596
8245-UMPYT,1,0.7655988108
4367-NHWMM,0,0.6828100217
8388-FYNPZ,0,0.2348605701
5186-SAMNZ,1,0.8439565267
1135-LMECX,0,0.2765131229
8631-NBHFZ,1,0.0161699196
4328-VUFWD,0,0.0659684386
8896-RAZCR,0,0.0089542257
8748-HFWBO,0,0.0293703778
7299-GNVPL,0,0.1316351998
8084-OIVBS,0,0.0397646273
9746-MDMBK,0,0.1687570156
3038-PQIUY,0,0.1347000963
4741-WWJQZ,0,0.5210453535
5461-QKNTN,0,0.456496733
7365-BVCJH,0,0.7654040472
9839-ETQOE,0,0.1604149933
2446-PLQVO,1,0.8404900495
1397-XKKWR,0,0.1227782986
7950-XWOVN,0,0.2377882263
5899-OUVKV,0,0.4907910415
7410-OIEDU,0,0.3429898488
1767-TGTKO,0,0.3056004569
7929-SKFGK,0,0.041500807
8263-OKETD,0,0.2460438556
1422-DGUBX,0,0.2230308489
6496-SLWHQ,1,0.8661837885
1015-OWJKI,0,0.2774933881
9820-RMCQV,1,0.1435512088
3831-YCPUO,0,0.0313913732
9127-FHJBZ,0,0.0673056918
2511-MORQY,0,0.0530137444
0310-VQXAM,0,0.0860532015
3096-JRDSO,1,0.5252883616
9546-KDTRB,0,0.1122961537
0772-GYEQQ,1,0.5408083966
0856-NAOES,0,0.2478182328
7670-ZBPOQ,0,0.0414517076
5949-EBSQK,1,0.2252287302
1262-OPMFY,1,0.4829475417
0489-WMEMG,0,0.0849741564
6024-RUGGH,0,0.0110521843
2974-GGUXS,0,0.4636987089
7115-IRDHS,0,0.0091465413
2984-MIIZL,1,0.5362633561
0988-AADSA,0,0.0113630576
0727-IWKVK,1,0.5169544612
4826-DXMUP,0,0.072924319
5760-FXFVO,0,0.4893575661
6410-LEFEN,1,0.2516094031
8146-QQKZH,0,0.0134302029
8740-CRYFY,1,0.8843740895
7503-MIOGA,0,0.0309297136
0841-NULXI,1,0.8268766073
1796-JANOW,0,0.1199233228
5135-RDDQL,0,0.0148624379
6956-SMUCM,1,0.6529061542
9477-LGWQI,0,0.0188744293
5923-GXUOC,1,0.6026679743
0103-CSITQ,0,0.1947793751
7576-JMYWV,0,0.4386090902
0257-KXZGU,0,0.1281960798
9541-PWTWO,0,0.0530932028
4786-UKSNZ,1,0.2653526094
1689-MRZQR,1,0.3282302894
6614-VBEGU,0,0.2828579314
3571-DPYUH,0,0.1183193284
4078-SAYYN,1,0.7595744094
7639-OPLNG,0,0.0172760428
1925-TIBLE,1,0.7443459777
8592-PLTMQ,0,0.0192097358
4445-ZJNMU,0,0.6923505822
4423-YLHDV,1,0.5645314625
6729-FZWSY,0,0.0193081854
6507-DTJZV,0,0.2547751792
1219-NNDDO,0,0.6461207795
7398-SKNQZ,0,0.8011731117
5136-KCKGI,1,0.2519949426
1965-DDBWU,1,0.4817681453
1660-HSOOQ,1,0.5600240464
9530-EHPOH,1,0.3140213636
0969-RGKCU,0,0.0222650239
3800-LYTRK,0,0.0445485332
8847-GEOOQ,0,0.1990933556
5843-TTHGI,0,0.1779160516
4390-KYULV,1,0.1543374866
2916-BQZLN,0,0.457717482
7521-AFHAB,0,0.1966830397
4472-LVYGI,0,0.0008074412
5067-WJEUN,0,0.0122844167
1871-MOWRM,1,0.2477570091
9115-YQHGA,0,0.1194391991
5405-ZMYXQ,0,0.5792866214
5536-SLHPM,1,0.3536492233
5429-LWCMV,0,0.6755347569
4573-JKNAE,0,0.0208933394
2533-TIBIX,0,0.2592466267
4789-KWMXN,1,0.1724648193
8466-PZBLH,0,0.0486705808
8945-MUQUF,1,0.1968310259
3503-TYDAY,0,0.3085021541
5561-NWEVX,1,0.7361454522
3590-TCXTB,0,0.2638030655
9732-EQMWY,0,0.3298075285
9978-HYCIN,0,0.1756727384
2378-VTKDH,0,0.4982436848
6986-IJDHX,1,0.2546167715
4903-UYAVB,1,0.100046204
4143-HHPMK,1,0.3118589176
9734-YWGEX,1,0.6450755685
4760-THGOT,0,0.3995779478
6563-VRERX,0,0.0207534843
2599-CIPQE,0,0.0240312676
1089-HDMKP,0,0.2551634265
1845-CSBRZ,0,0.491549058
8990-ZXLSU,0,0.4673553476
1452-XRSJV,0,0.0610720128
2498-XLDZR,0,0.0156669486
0515-YPMCW,1,0.7538917754
0635-WKOLD,0,0.0581566871
4905-JEFDW,1,0.3187869136
1027-LKKQQ,0,0.0158147475
8707-RMEZH,0,0.0737908017
6257-DTAYD,0,0.0721382232
1563-IWQEX,0,0.0819507555
4174-LPGTI,1,0.0554794419
7408-OFWXJ,0,0.0140290486
9479-HYNYL,0,0.0206181935
2983-ZANRP,1,0.5583775587
3887-PBQAO,0,0.0355604196
3889-VWBID,0,0.011469884
9369-XFEHK,1,0.4310696417
2143-LJULT,0,0.0132551729
8080-POTJR,0,0.1433104923
1077-HUUJM,0,0.5452980036
3689-MOZGR,0,0.2588530832
8591-TKMZH,0,0.0589970354
3966-HRMZA,0,0.5132618002
5989-PGKJB,0,0.5241308313
1591-MQJTP,0,0.2192880666
6434-TTGJP,0,0.0584852824
6345-ULYRW,1,0.193308783
1171-TYKUR,0,0.0833585581
2523-EWWZL,0,0.3562763693
8800-JOOCF,0,0.6738370587
9938-PRCVK,0,0.0117643107
7748-UMTRK,0,0.6040336517
6088-BXMRG,0,0.5865529161
3082-VQXNH,0,0.3260433903
5215-LNLDJ,0,0.4626558508
7661-CPURM,0,0.1913770152
1564-NTYXF,1,0.7420848543
8395-ETZKQ,0,0.0197010635
3871-IKPYH,1,0.8356198363
0196-JTUQI,0,0.5631728731
3198-VELRD,1,0.7297656336
1122-YJBCS,0,0.0242115355
0952-KMEEH,1,0.5137991
1304-NECVQ,1,0.7966821772
8465-SBRXP,0,0.1044589044
0487-VVUVK,0,0.0757051677
4570-QHXHL,0,0.3241044452
7055-HNEOJ,0,0.2383265668
5016-ETTFF,1,0.2690302979
6244-BESBM,0,0.048674127
9168-INPSZ,0,0.4826580592
1469-LBJQJ,0,0.426330275
6035-RIIOM,0,0.1470997986
1213-NGCUN,1,0.2442941183
7249-WBIYX,1,0.7119129718
6838-YAUVY,0,0.0868470597
1389-CXMLU,1,0.7685351218
3902-MIVLE,0,0.0135305941
6645-MXQJT,0,0.652053637
9233-PSYHO,0,0.3653658778
0100-DUVFC,0,0.2887229085
2014-MKGMH,0,0.353365684
1731-TVIUK,1,0.7165331162
4223-BKEOR,0,0.0585002211
2599-CZABP,0,0.1128171183
1684-FLBGS,0,0.2060323308
2138-VFAPZ,0,0.0236637207
7964-YESJC,0,0.1166467568
8380-PEFPE,1,0.8234183282
5555-RNPGT,0,0.1157790074
1619-YWUBB,0,0.0135370522
4927-WWOOZ,0,0.8012042635
3258-ZKPAI,0,0.0511334277
0674-EYYZV,0,0.7462649979
4678-DVQEO,1,0.6007646692
9356-AXGMP,0,0.2667486996
0939-YAPAF,1,0.5997998123
5982-XMDEX,0,0.0106384768
5449-FIBXJ,1,0.5288652568
9546-CQJSU,1,0.8001776788
1728-CXQBE,0,0.4163978616
5949-XIKAE,1,0.605989486
6038-GCYEC,1,0.3914174585
7562-GSUHK,1,0.4074132836
3230-WYKIR,1,0.1790867662
7483-IQWIB,0,0.4640299937
2984-TBYKU,0,0.0323571279
8314-HTWVE,0,0.0211790859
0248-IPDFW,0,0.7592192441
6559-PDZLR,0,0.4758182162
9221-OTIVJ,1,0.7648192807
0620-DLSLK,0,0.4669893422
4257-GAESD,0,0.4869576721
3481-JHUZH,0,0.3818633706
2632-IVXVF,0,0.0425068104
7613-LLQFO,1,0.6803116046
2466-FCCPT,0,0.0353008005
4939-KYYPY,0,0.1656737807
2040-LDIWQ,0,0.0357959627
5216-WASFJ,0,0.6169283563
0960-HUWBM,0,0.0881676721
4831-EOBFE,1,0.2812911697
7541-YLXCL,1,0.0530043098
9081-WWXKP,0,0.0092482373
5616-PRTNT,1,0.1220090956
1895-QTKDO,0,0.5032566075
8902-ZEOVF,0,0.0169287706
7968-QUXNS,0,0.0982938879
9853-JFZDU,0,0.0939961337
4431-EDMIQ,0,0.259469412
5716-LIBJC,0,0.439790304
9617-UDPEU,0,0.0434510296
6994-ORCWG,0,0.1404153254
3486-HOOGQ,0,0.0127793933
5606-AMZBO,0,0.4955533897
8265-HKSOW,0,0.0236463632
3721-CNEYS,1,0.6504977243
3452-FLHYD,0,0.0438106806
7233-IOQNP,0,0.100035245
7547-EKNFS,1,0.3892491622
3597-YASZG,0,0.1072364128
4816-OKWNX,0,0.1390404701
1612-EOHDH,1,0.5925274858
8040-MNRTF,0,0.7135833457
6559-RAKOZ,0,0.2681605346
2017-CCBLH,0,0.0223234102
2275-RBYQS,0,0.5658295223
4193-ORFCL,1,0.552432907
3050-RLLXC,0,0.0147407606
3211-AAPKX,0,0.5168693034
6890-PFRQX,0,0.1985070336
9692-TUSXH,1,0.5379591347
5736-YEJAX,0,0.0156131439
7980-MHFLQ,0,0.0068714357
7234-FECYN,1,0.7834095562
6791-YBNAK,0,0.2145469414
5396-IZEPB,0,0.0914064606
1427-VERSM,0,0.3327805108
9089-UOWJG,0,0.2687864437
1485-YDHMM,0,0.2785728605
7269-JISCY,0,0.0364380257
1666-JXLKU,0,0.5890844867
7105-BENQF,0,0.0698378998
0397-GZBBC,1,0.491462782
2043-WVTQJ,0,0.4149423923
2045-BMBTJ,0,0.3557470156
7493-TPUWZ,1,0.8839439223
0754-UKWQP,1,0.7856891287
3219-JQRSL,0,0.020764175
7928-VJYAB,0,0.573940664
1373-ORVIZ,1,0.3934094486
3519-ZKXGG,1,0.7235304624
9236-NDUCW,0,0.032684203
1841-YSJGV,0,0.0511510158
4074-SJFFA,1,0.6575598073
3707-GNWHM,1,0.8427612273
9943-VSZUV,0,0.254796077
8133-ANHHJ,0,0.1262001563
4001-TSBTV,0,0.2612872363
8155-IBNHG,1,0.4165746089
8277-RVRSV,0,0.0345395697
2885-HIJDH,0,0.0183032758
0463-TXOAK,0,0.0107105763
4800-CZMPC,1,0.1951448617
7253-UVNDW,1,0.0140093782
6847-KJLTS,0,0.4270540626
2330-PQGDQ,0,0.0834280585
0218-QNVAS,0,0.1306637664
2302-ANTDP,1,0.3697691328
9327-QSDED,0,0.1854124964
0093-XWZFY,1,0.459585516
7271-AJDTL,0,0.3161385553
0297-RBCSG,0,0.0975803128
1258-YMZNM,0,0.3769802772
7665-NKLAV,0,0.0210238861
4067-HLYQI,0,0.2878613348
7159-FVYPK,0,0.4861523325
3642-GKTCT,0,0.1237335286
9272-LSVYH,0,0.3384651361
0224-HJAPT,1,0.3905785017
0531-ZZJWQ,0,0.4172484472
7025-IWFHT,0,0.1630164989
4355-CVPVS,0,0.1369627829
5502-RLUYV,1,0.3882749685
4774-HHGGS,0,0.0128329305
4234-XTNEA,0,0.719502416
2506-CLAKW,1,0.4567595278
5642-MHDQT,0,0.0264272873
2731-GJRDG,0,0.2479464063
3319-DWOEP,1,0.7825417001
3900-AQPHZ,1,0.2758312753
0895-UADGO,0,0.0860906761
4194-FJARJ,0,0.0144431512
2097-YVPKN,0,0.0088107966
6408-WHTEF,0,0.0180680277
7016-NVRIC,0,0.1679936288
3500-NSDOA,0,0.0158382417
3088-LHEFH,0,0.4913461988
0611-DFXKO,1,0.4857291152
1658-BYGOY,1,0.7498152215
8884-ADFVN,1,0.8389923996
4718-WXBGI,0,0.0181806081
1580-BMCMR,0,0.50325187
3251-YMVWZ,0,0.0277686182
4504-YOULA,0,0.1227077776
5186-PEIZU,0,0.0618001421
7030-FZTFM,0,0.042694679
9824-QCJPK,0,0.023205861
4636-JGAAI,0,0.3254517695
3148-AOIQT,0,0.0130396323
3458-IDMFK,0,0.0179895161
9881-VCZEP,0,0.21776655
5998-VVEJY,1,0.407705729
6719-OXYBR,0,0.466028102
8844-TONUD,1,0.5246349288
8631-WUXGY,0,0.3986948334
0621-HJWXJ,0,0.2405002079
1810-MVMAI,0,0.109300845
3914-FDRHP,0,0.4653788619
3717-LNXKW,0,0.2919007203
9591-YVTEB,0,0.2511072775
5318-YKDPV,0,0.0262547296
3638-WEABW,0,0.0221963715
9565-DJPIB,1,0.572604755
3001-UNBTL,0,0.6607274006
3005-TYFRD,0,0.3965418559
8089-UZWLX,0,0.0989533623
6923-AQONU,0,0.012553278
1245-HARPS,0,0.0178944812
3655-SNQYZ,0,0.0401504405
3806-YAZOV,0,0.1173537452
7586-ZATGZ,0,0.4909055466
7054-DMVAS,0,0.0231481651
0254-KCJGT,0,0.0471922635
5743-KHMNA,0,0.0091063322
0744-GKNGE,0,0.1493228065
4900-MSOMT,0,0.0114894022
3803-KMQFW,1,0.2532441831
8267-ZNYVZ,1,0.2231994209
8152-VETUR,0,0.0911272987
1432-FPAXX,1,0.3037044072
9938-ZREHM,0,0.0598291076
4176-RELJR,0,0.0120429135
2692-BUCFV,0,0.496877172
7196-LIWRH,0,0.0240160372
8687-BAFGU,0,0.7459361151
5724-BIDBU,0,0.0799241673
4811-JBUVU,0,0.3806013094
2219-MVUSO,1,0.227748556
2792-LSHWX,0,0.6586321653
9880-TDQAC,0,0.047337018
0988-JRWWP,0,0.4895164856
1265-BCFEO,0,0.0384691369
8908-SLFCJ,0,0.0213219803
4598-XLKNJ,1,0.6079494138
2239-CFOUJ,0,0.1325268042
1784-BXEFA,0,0.1133153111
8286-AFUYI,0,0.5278240393
4883-KCPZJ,0,0.0207657976
4191-XOVOM,0,0.2883021248
3472-OAOOR,0,0.1992850016
6908-VVYHM,0,0.3482157024
6625-IUTTT,0,0.0143141269
3509-GWQGF,0,0.2919630081
4778-IZARL,0,0.04283359
5193-QLVZB,0,0.115005461
6295-OSINB,0,0.0932410555
6650-VJONK,0,0.6052546
8406-LNMHF,0,0.0845835885
7302-ZHMHP,0,0.2837177782
2754-XBHTB,1,0.5740371739
6693-DJWTY,0,0.0280040561
7217-JYHOQ,0,0.1079224272
6352-TWCAU,1,0.5142346401
2800-QQUSO,0,0.4889525372
5120-ZBLAI,0,0.1066918154
4612-THJBS,1,0.3027377848
5131-PONJI,0,0.2252629505
4124-MMETB,1,0.5823118628
9714-EDSUC,0,0.4342999748
4690-LLKUA,1,0.3092931671
0017-DINOC,0,0.0228902383
6008-NAIXK,0,0.2201972931
0345-XMMUG,0,0.1191782247
7638-QVMVY,1,0.6604169377
0581-BXBUB,0,0.5834761691
4077-HWUYD,0,0.0216558128
4501-VCPFK,0,0.1986077643
1303-SRDOK,0,0.0490070008
5688-KZTSN,1,0.1336899153
5375-XLDOF,0,0.0596533642
8690-UPCZI,0,0.063975488
3877-JRJIP,1,0.8164308184
8871-JLMHM,0,0.0290082768
7109-MFBYV,0,0.1537990495
7244-KXYZN,0,0.0290576072
4256-ZWTZI,0,0.1949677388
8414-MYSHR,1,0.7900285129
2346-DJQTB,0,0.2453870819
3174-RKMOW,0,0.4858956054
2485-ITVKB,1,0.6416650752
2700-LUEVA,0,0.2723276573
0835-JKADZ,0,0.0991325299
8627-EHGIP,1,0.1454069654
3657-COGMW,0,0.3231471589
8189-XRIKE,0,0.4979261293
6614-YOLAC,0,0.0195163873
6439-PKTRR,0,0.0164817069
1423-BMPBQ,0,0.3384687796
5473-KHBPS,0,0.1644558146
5312-UXESG,0,0.4341065216
4464-JCOLN,1,0.0537841377
9389-ACWBI,0,0.4081017624
6128-DAFVY,0,0.2656125852
9412-GHEEC,1,0.3577027414
5343-SGUBI,0,0.1304176197
6837-HAEVO,0,0.1206645329
4236-XPXAV,1,0.5640931611
3836-FZSDJ,0,0.0123725834
8087-LGYHQ,0,0.7036925571
8917-FAEMR,0,0.0110321455
6173-GOLSU,0,0.4227810386
3606-SBKRY,0,0.2692709528
2408-TZMJL,1,0.2268811202
7270-BDIOA,1,0.5259395488
9348-YVOMK,0,0.2858381354
7839-QRKXN,1,0.3422578253
4957-TIALW,0,0.0373405904
9974-JFBHQ,0,0.1889551527
8510-TMWYB,0,0.0312121786
9497-QCMMS,1,0.957491486
1172-VIYBP,0,0.0243631963
6959-UWKHF,1,0.6679537249
0895-LMRSF,0,0.1591665231
7799-DSEWS,0,0.203800981
2821-WARNZ,0,0.0186352723
3893-JRNFS,0,0.1830175693
7473-ZBDSN,0,0.0176903538
5371-VYLSX,0,0.3547480693
7716-YTYHG,1,0.1970626493
7994-UYIVZ,0,0.6783237872
1963-VAUKV,1,0.2698692062
3571-RFHAR,1,0.3573638612
4472-VESGY,0,0.2172952823
4079-WWQQQ,0,0.0286227458
7363-QTBIW,0,0.6344647438
0114-PEGZZ,0,0.4966866822
